{"stats":{"minecraft:killed_by":{"minecraft:piglin_brute":2,"minecraft:vindicator":6,"minecraft:zombie":5,"alexsmobs:grizzly_bear":2,"minecraft:vex":16,"minecraft:stray":1,"iceandfire:hydra":1,"minecraft:wither_skeleton":1,"iceandfire:cyclops":4,"minecraft:cave_spider":4,"minecraft:blaze":2,"minecraft:illusioner":4,"minecraft:player":4,"minecraft:enderman":1,"bosses_of_mass_destruction:void_blossom":1,"mowziesmobs:ferrous_wroughtnaut":1,"minecraft:skeleton":9,"iceandfire:lightning_dragon":4},"minecraft:custom":{"minecraft:interact_with_crafting_table":134,"minecraft:open_barrel":17,"minecraft:eat_cake_slice":5,"minecraft:leave_game":11,"minecraft:time_since_death":10330,"minecraft:damage_blocked_by_shield":10446,"minecraft:play_time":1785012,"minecraft:deaths":71,"minecraft:jump":16929,"minecraft:enchant_item":10,"minecraft:interact_with_furnace":39,"minecraft:play_record":5,"minecraft:traded_with_villager":19,"minecraft:sleep_in_bed":43,"minecraft:damage_dealt":204288,"minecraft:inspect_dispenser":15,"minecraft:horse_one_cm":99671,"minecraft:interact_with_anvil":5,"minecraft:inspect_hopper":10,"minecraft:damage_dealt_absorbed":160,"minecraft:sneak_time":79146,"minecraft:interact_with_lectern":23,"minecraft:total_world_time":1785012,"minecraft:time_since_rest":2307,"minecraft:swim_one_cm":356760,"minecraft:fly_one_cm":3105623,"minecraft:open_chest":794,"minecraft:fall_one_cm":361035,"minecraft:damage_resisted":65,"minecraft:sprint_one_cm":2342201,"minecraft:drop":632,"minecraft:talked_to_villager":37,"minecraft:interact_with_brewingstand":4,"minecraft:walk_on_water_one_cm":139128,"minecraft:interact_with_loom":1,"minecraft:open_enderchest":2,"minecraft:player_kills":3,"minecraft:crouch_one_cm":244462,"minecraft:mob_kills":1581,"minecraft:damage_dealt_resisted":771,"minecraft:climb_one_cm":88687,"minecraft:walk_one_cm":5065297,"minecraft:walk_under_water_one_cm":91825,"minecraft:boat_one_cm":141042,"minecraft:interact_with_grindstone":7,"minecraft:damage_taken":38508,"minecraft:damage_absorbed":288,"minecraft:trigger_trapped_chest":4},"minecraft:mined":{"regions_unexplored:yellow_bioshroom_block":65,"regions_unexplored:blue_lupine":8,"regions_unexplored:magnolia_log":2311,"oresabovediamonds:deepslate_black_opal_ore":5,"minecraft:obsidian":5,"regions_unexplored:bleeding_heart":3,"minecraft:granite":72,"minecraft:acacia_log":33,"minecraft:stone_brick_wall":1,"minecraft:yellow_carpet":14,"minecraft:coal_block":29,"minecraft:hopper":1,"minecraft:chiseled_stone_bricks":1,"minecraft:spawner":51,"minecraft:polished_blackstone_bricks":26,"minecraft:magma_block":16,"gobber2:gobber2_ore":1,"regions_unexplored:magnolia_stairs":10,"minecraft:mossy_cobblestone_stairs":8,"minecraft:cobbled_deepslate":334,"minecraft:fire":16,"gobber2:gobber2_ore_nether":56,"minecraft:moss_carpet":1,"minecraft:fletching_table":2,"minecraft:deepslate_lapis_ore":18,"minecraft:nether_brick_stairs":3,"minecraft:enchanting_table":3,"minecraft:water_cauldron":1,"minecraft:oak_stairs":1,"iceandfire:dread_stone_bricks_cracked":2,"regions_unexplored:silt_grass_block":1,"minecraft:orange_bed":10,"minecraft:soul_wall_torch":1,"minecraft:crimson_nylium":2,"regions_unexplored:white_magnolia_leaves":3,"minecraft:amethyst_cluster":1,"minecraft:powder_snow":10,"minecraft:torch":11,"minecraft:blast_furnace":1,"regions_unexplored:glowing_yellow_bioshroom_block":6,"regions_unexplored:magnolia_pressure_plate":1,"minecraft:oxidized_copper":1,"gobber2:gobber2_lucky_block_nether":27,"minecraft:white_stained_glass_pane":1,"regions_unexplored:cobalt_roots":1,"minecraft:sugar_cane":3,"minecraft:bricks":8,"minecraft:amethyst_block":25,"minecraft:white_terracotta":3,"minecraft:jukebox":1,"minecraft:stone_brick_stairs":2,"minecraft:grass":98,"regions_unexplored:clover":44,"minecraft:smooth_basalt":20,"minecraft:deepslate":4591,"regions_unexplored:fireweed":3,"iceandfire:silver_ore":11,"minecraft:mossy_cobblestone":28,"minecraft:nether_bricks":38,"minecraft:cobbled_deepslate_slab":24,"regions_unexplored:hanging_earlight":1,"neapolitan:adzuki_sprouts":1,"iceandfire:deepslate_silver_ore":4,"minecraft:moss_block":3,"minecraft:kelp":3,"minecraft:red_mushroom":1,"bosses_of_mass_destruction:void_blossom":17,"supplementaries:flax":1,"minecraft:andesite":56,"minecraft:mossy_stone_brick_stairs":4,"minecraft:vine":51,"bosses_of_mass_destruction:gauntlet_blackstone":1,"iceandfire:frost_lily":1,"minecraft:smooth_quartz_stairs":1,"minecraft:bamboo":10,"regions_unexplored:day_lily":2,"regions_unexplored:redwood_log":93,"regions_unexplored:windswept_grass":8,"minecraft:white_wool":2,"minecraft:glass_pane":1,"minecraft:lily_of_the_valley":3,"regions_unexplored:silt_dirt":1,"minecraft:tall_grass":39,"minecraft:copper_ore":7,"minecraft:deepslate_gold_ore":9,"minecraft:diorite":134,"minecraft:warped_wart_block":12,"regions_unexplored:sandy_grass":1,"regions_unexplored:magnolia_shrub":2,"minecraft:gravel":34,"minecraft:cobweb":2,"minecraft:acacia_planks":33,"minecraft:stone_bricks":31,"regions_unexplored:magnolia_planks":17,"minecraft:fern":9,"regions_unexplored:tassel":1,"minecraft:budding_amethyst":4,"minecraft:grass_block":185,"gobber2:gobber2_ore_deepslate":96,"regions_unexplored:yellow_bioshroom_stem":8,"gobber2:gobber2_lucky_block":26,"minecraft:composter":1,"minecraft:gilded_blackstone":33,"bosses_of_mass_destruction:void_lily":15,"minecraft:smooth_stone":1,"regions_unexplored:magnolia_sapling":4,"regions_unexplored:magnolia_trapdoor":6,"minecraft:red_nether_brick_stairs":1,"minecraft:iron_ore":1,"regions_unexplored:purple_lupine":3,"regions_unexplored:redwood_planks":5,"minecraft:anvil":1,"minecraft:black_carpet":9,"minecraft:iron_bars":18,"minecraft:purple_carpet":7,"regions_unexplored:white_snowbelle":1,"minecraft:azalea":1,"minecraft:granite_stairs":3,"minecraft:polished_granite_stairs":5,"minecraft:deepslate_redstone_ore":61,"minecraft:quartz_block":1,"regions_unexplored:white_magnolia_sapling":4,"minecraft:blackstone":80,"minecraft:calcite":21,"iceandfire:ghost_chest":3,"regions_unexplored:pink_magnolia_sapling":11,"iceandfire:fire_lily":1,"minecraft:nether_quartz_ore":54,"minecraft:cobblestone":120,"minecraft:grindstone":1,"minecraft:oak_planks":33,"minecraft:iron_door":2,"minecraft:wall_torch":19,"minecraft:deepslate_copper_ore":3,"oresabovediamonds:deepslate_amethyst_ore":12,"regions_unexplored:mauve_leaves":2,"minecraft:oak_log":15,"minecraft:dirt":437,"iceandfire:dread_stone_bricks":2,"minecraft:netherrack":751,"minecraft:ancient_debris":2,"minecraft:oak_leaves":47,"minecraft:emerald_block":4,"iceandfire:lightning_lily":1,"minecraft:crying_obsidian":3,"minecraft:red_carpet":4,"minecraft:tuff":424,"minecraft:deepslate_diamond_ore":38,"regions_unexplored:pink_lupine":3,"minecraft:ladder":2,"minecraft:brick_stairs":7,"regions_unexplored:aster":1,"minecraft:spruce_leaves":1,"minecraft:large_fern":1,"minecraft:furnace":2,"minecraft:polished_basalt":2,"regions_unexplored:white_magnolia_shrub":5,"regions_unexplored:frozen_grass":6,"minecraft:gold_block":4,"minecraft:bookshelf":44,"minecraft:deepslate_iron_ore":16,"regions_unexplored:medium_grass":62,"minecraft:stone":977,"minecraft:podzol":1,"minecraft:flowering_azalea":1,"minecraft:red_wool":34,"regions_unexplored:silver_birch_leaf_pile":1,"minecraft:basalt":8,"regions_unexplored:mycotoxic_moss":2,"minecraft:polished_granite":2,"minecraft:crafting_table":5,"regions_unexplored:pink_magnolia_leaves":5,"minecraft:lectern":22,"minecraft:lapis_ore":2,"supplementaries:urn":19,"minecraft:spruce_stairs":5,"regions_unexplored:redwood_leaves":18,"gobber2:gobber2_lucky_block_deepslate":58,"minecraft:bee_nest":18,"minecraft:warped_hyphae":2,"minecraft:coal_ore":55,"minecraft:cracked_stone_bricks":21,"minecraft:mossy_stone_bricks":46},"minecraft:dropped":{"iceandfire:raw_silver":8,"gobber2:gobber2_gooey_beefstew_nether":2,"minecraft:glass_bottle":9,"minecraft:diamond":11,"minecraft:crafting_table":1,"gobber2:gobber2_sword":2,"regions_unexplored:magnolia_trapdoor":1,"minecraft:mossy_stone_brick_stairs":1,"minecraft:cracked_stone_bricks":1,"minecraft:leather_helmet":7,"minecraft:red_mushroom":2,"minecraft:red_carpet":4,"minecraft:dirt":446,"bosses_of_mass_destruction:void_lily":2,"minecraft:wooden_sword":1,"supplementaries:flax":1,"minecraft:gold_nugget":5,"minecraft:bone_meal":16,"gobber2:gobber2_goo":1,"minecraft:iron_pickaxe":1,"minecraft:white_wool":5,"minecraft:bone":137,"minecraft:oak_door":2,"regions_unexplored:magnolia_pressure_plate":1,"minecraft:stone_axe":1,"minecraft:sugar_cane":4,"minecraft:golden_chestplate":2,"minecraft:cobbled_deepslate":2871,"minecraft:black_carpet":9,"minecraft:obsidian":11,"minecraft:rotten_flesh":81,"minecraft:oak_planks":6,"gobber2:gobber2_gooey_beefstew":2,"regions_unexplored:redwood_planks":1,"regions_unexplored:magnolia_slab":6,"minecraft:black_glazed_terracotta":1,"supplementaries:flax_seeds":2,"minecraft:tipped_arrow":26,"iceandfire:ghost_chest":4,"minecraft:hopper":2,"minecraft:leather_boots":9,"minecraft:ladder":3,"minecraft:leather_leggings":2,"improvableskills:scroll_normal":3,"minecraft:red_nether_bricks":4,"minecraft:stone_brick_stairs":1,"minecraft:lectern":1,"minecraft:egg":2,"minecraft:golden_boots":3,"minecraft:iron_ingot":8,"minecraft:wheat_seeds":41,"minecraft:cobblestone":875,"minecraft:iron_helmet":16,"minecraft:feather":2,"minecraft:granite":84,"minecraft:chainmail_helmet":2,"regions_unexplored:day_lily":1,"minecraft:yellow_carpet":28,"minecraft:coal":2,"minecraft:rabbit":1,"regions_unexplored:purple_lupine":1,"regions_unexplored:redwood_log":93,"minecraft:diamond_helmet":1,"minecraft:potion":2,"minecraft:oak_stairs":1,"minecraft:smooth_stone":2,"minecraft:chainmail_leggings":2,"minecraft:iron_shovel":1,"minecraft:paper":5,"minecraft:string":19,"minecraft:acacia_planks":17,"minecraft:oxidized_copper":1,"minecraft:spruce_sapling":1,"artifacts:bunny_hoppers":1,"minecraft:moss_carpet":1,"minecraft:stone_sword":2,"oresabovediamonds:amethyst_axe":1,"minecraft:bowl":1,"minecraft:deepslate":6,"gobber2:gobber2_gooey_beef":1,"minecraft:stone_shovel":1,"regions_unexplored:clover":137,"minecraft:iron_boots":14,"minecraft:cobbled_deepslate_slab":40,"minecraft:white_terracotta":8,"minecraft:lily_of_the_valley":6,"gobber2:gobber2_globette":14,"minecraft:polished_granite_stairs":6,"supplementaries:quiver":1,"oresabovediamonds:amethyst":2,"regions_unexplored:magnolia_stairs":6,"minecraft:diamond_pickaxe":1,"regions_unexplored:white_magnolia_shrub":2,"minecraft:spider_eye":13,"minecraft:stone_bricks":117,"minecraft:bow":32,"minecraft:red_tulip":1,"minecraft:magma_block":66,"regions_unexplored:silt_dirt":2,"regions_unexplored:blue_lupine":1,"regions_unexplored:magnolia_log":145,"minecraft:diamond_axe":2,"minecraft:oak_log":9,"minecraft:golden_pickaxe":1,"minecraft:leather":7,"regions_unexplored:bleeding_heart":1,"minecraft:flint":1,"gobber2:gobber2_bow_nether":1,"gobber2:gobber2_gooey_bread":7,"minecraft:cauldron":1,"minecraft:gravel":1,"iceandfire:stymphalian_bird_feather":6,"minecraft:chiseled_polished_blackstone":1,"minecraft:chainmail_chestplate":10,"minecraft:chiseled_stone_bricks":4,"minecraft:rabbit_hide":8,"minecraft:leather_chestplate":17,"supplementaries:ash":12,"minecraft:gunpowder":23,"minecraft:stone_brick_wall":4,"minecraft:chest":1,"minecraft:basalt":10,"minecraft:arrow":2,"minecraft:netherrack":350,"minecraft:purple_carpet":1,"regions_unexplored:magnolia_planks":56,"minecraft:golden_helmet":7,"gobber2:gobber2_foo":7,"minecraft:mossy_cobblestone":16,"minecraft:diamond_leggings":1,"gobber2:gobber2_excavator_nether":1,"minecraft:spruce_stairs":1,"minecraft:grass_block":111,"minecraft:stick":175,"minecraft:diorite":20,"minecraft:torch":51,"minecraft:brown_wool":1,"minecraft:iron_leggings":5,"minecraft:polished_basalt":2,"minecraft:smooth_basalt":25,"minecraft:redstone":161,"minecraft:kelp":3,"alexsmobs:maggot":1,"gobber2:gobber2_leggings":1,"artifacts:kitty_slippers":1,"minecraft:raw_copper":68,"minecraft:tuff":557,"iceandfire:witherbone":1,"minecraft:raw_iron":2,"minecraft:composter":2,"regions_unexplored:pink_lupine":1,"minecraft:totem_of_undying":1,"minecraft:shield":10,"iceandfire:rotten_egg":1,"regions_unexplored:white_snowbelle":1,"minecraft:iron_chestplate":10,"minecraft:andesite":101,"minecraft:mossy_stone_bricks":43,"minecraft:golden_leggings":18,"minecraft:oak_sapling":5,"oresabovediamonds:black_opal":1,"minecraft:spruce_log":3,"minecraft:slime_ball":1,"minecraft:stone_pickaxe":1,"gobber2:gobber2_hammer":2,"minecraft:wooden_pickaxe":1,"minecraft:raw_gold":4,"minecraft:calcite":4,"regions_unexplored:white_magnolia_sapling":26},"minecraft:used":{"alexsmobs:emu_egg":5,"minecraft:polished_granite_stairs":3,"bosses_of_mass_destruction:crystal_fruit":1,"minecraft:ladder":131,"minecraft:chest":14,"minecraft:rotten_flesh":40,"gobber2:gobber2_goo_nether":14,"minecraft:lava_bucket":2,"minecraft:red_wool":17,"minecraft:grass_block":223,"minecraft:music_disc_ward":4,"minecraft:quartz_block":3,"iceandfire:ghost_chest":2,"gobber2:gobber2_hammer":625,"minecraft:bow":4,"supplementaries:bamboo_spikes_tipped":1,"minecraft:egg":22,"minecraft:potato":10,"minecraft:diorite":6,"minecraft:chorus_fruit":2,"minecraft:wooden_pickaxe":14,"minecraft:golden_apple":12,"minecraft:blast_furnace":1,"iceandfire:silver_pickaxe":233,"gobber2:gobber2_gooey_beefstew":6,"minecraft:lectern":21,"minecraft:polished_granite":4,"iceandfire:fire_lily":1,"gobber2:gobber2_chestplate":1,"minecraft:iron_bars":3,"minecraft:stone_sword":154,"minecraft:enchanting_table":3,"regions_unexplored:magnolia_boat":6,"minecraft:acacia_log":25,"minecraft:netherrack":10,"minecraft:orange_bed":11,"minecraft:torch":243,"iceandfire:frost_lily":8,"minecraft:anvil":1,"regions_unexplored:magnolia_sapling":432,"regions_unexplored:magnolia_log":22,"minecraft:oak_fence_gate":2,"regions_unexplored:hyssop":3,"minecraft:mossy_cobblestone_stairs":4,"supplementaries:globe_sepia":1,"minecraft:iron_axe":266,"gobber2:gobber2_helmet":2,"elevatorid:elevator_red":2,"minecraft:beef":15,"minecraft:acacia_planks":45,"minecraft:cobbled_deepslate":1604,"minecraft:calcite":49,"minecraft:water_bucket":19,"minecraft:rabbit":9,"neapolitan:adzuki_beans":3,"minecraft:fletching_table":3,"minecraft:leather_boots":1,"iceandfire:dragon_skull_lightning":1,"minecraft:cracked_stone_bricks":3,"minecraft:mossy_cobblestone":23,"minecraft:crafting_table":8,"supplementaries:bomb":4,"regions_unexplored:magnolia_shrub":2,"mowziesmobs:wrought_axe":10,"minecraft:ender_eye":22,"minecraft:diamond_shovel":16,"regions_unexplored:white_magnolia_sapling":311,"minecraft:iron_pickaxe":575,"minecraft:suspicious_stew":1,"regions_unexplored:white_magnolia_shrub":2,"minecraft:cobblestone":261,"minecraft:potion":6,"minecraft:porkchop":2,"minecraft:cooked_porkchop":5,"regions_unexplored:magnolia_stairs":68,"gobber2:gobber2_excavator_nether":599,"gobber2:gobber2_gooey_beef_nether":13,"gobber2:gobber2_goo":37,"minecraft:iron_shovel":8,"gobber2:gobber2_gooey_bread":17,"minecraft:shield":215,"regions_unexplored:salmonberry":5,"oresabovediamonds:amethyst_axe":2200,"minecraft:iron_chestplate":1,"minecraft:mutton":7,"minecraft:nether_bricks":3,"minecraft:carrot":23,"minecraft:obsidian":28,"regions_unexplored:purple_lupine":1,"iceandfire:dread_torch":1,"minecraft:bricks":11,"iceandfire:lightning_lily":1,"gobber2:gobber2_bow_nether":4,"neapolitan:vanilla_fudge":6,"regions_unexplored:aster":2,"minecraft:stone_bricks":18,"minecraft:stone_pickaxe":37,"minecraft:diamond_axe":23,"regions_unexplored:tassel":1,"minecraft:stone_brick_wall":1,"iceandfire:silver_axe":436,"gobber2:gobber2_gooey_bread_nether":17,"regions_unexplored:fireweed":3,"minecraft:music_disc_mall":1,"minecraft:bread":6,"minecraft:grindstone":1,"minecraft:andesite":18,"minecraft:cobweb":1,"minecraft:bone_meal":869,"minecraft:experience_bottle":16,"bosses_of_mass_destruction:void_lily":16,"minecraft:cooked_chicken":5,"minecraft:oak_door":1,"minecraft:dirt":1476,"minecraft:hopper":1,"minecraft:spruce_stairs":1,"minecraft:diamond_helmet":1,"minecraft:bee_nest":16,"alexsmobs:maggot":3,"neapolitan:strawberry_scones":4,"minecraft:bookshelf":20,"gobber2:gobber2_gooey_beef":30,"gobber2:gobber2_sword":2683,"minecraft:cooked_beef":10,"minecraft:cooked_mutton":4,"minecraft:amethyst_block":3,"minecraft:baked_potato":3,"gobber2:gobber2_hammer_nether":7372,"regions_unexplored:pink_magnolia_sapling":428,"regions_unexplored:magnolia_planks":14,"minecraft:apple":1,"minecraft:chicken":1,"gobber2:gobber2_gooey_beefstew_nether":11,"regions_unexplored:magnolia_trapdoor":8,"minecraft:golden_leggings":2,"minecraft:stone_axe":159,"minecraft:cobbled_deepslate_slab":240,"minecraft:white_banner":1,"minecraft:bucket":22,"alexsmobs:animal_dictionary":1,"minecraft:purple_carpet":1,"minecraft:chainmail_leggings":2},"minecraft:broken":{"minecraft:diamond_helmet":1,"minecraft:iron_boots":1,"minecraft:iron_chestplate":1,"gobber2:gobber2_helmet":1,"minecraft:diamond_leggings":1,"minecraft:iron_axe":1,"minecraft:iron_pickaxe":1,"iceandfire:silver_axe":1,"mowziesmobs:umvuthana_mask_fear":1,"minecraft:diamond_boots":1,"minecraft:stone_axe":1,"minecraft:golden_chestplate":1,"minecraft:diamond_chestplate":1},"minecraft:killed":{"minecraft:cave_spider":20,"iceandfire:stymphalian_bird":1,"minecraft:skeleton":527,"minecraft:chicken":2,"minecraft:skeleton_horse":1,"minecraft:salmon":5,"iceandfire:cockatrice":2,"minecraft:pillager":13,"minecraft:zombie":213,"minecraft:cow":6,"minecraft:evoker":4,"minecraft:vindicator":3,"iceandfire:dread_beast":3,"minecraft:horse":3,"mowziesmobs:ferrous_wroughtnaut":1,"iceandfire:dread_knight":3,"minecraft:rabbit":13,"alexsmobs:catfish":6,"alexsmobs:crocodile":2,"iceandfire:ghost":9,"minecraft:enderman":9,"minecraft:zombified_piglin":1,"minecraft:witch":7,"minecraft:spider":71,"minecraft:silverfish":19,"minecraft:illusioner":2,"minecraft:piglin_brute":8,"alexsmobs:kangaroo":1,"minecraft:piglin":17,"minecraft:pig":1,"alexsmobs:grizzly_bear":1,"minecraft:zombie_villager":4,"minecraft:creeper":233,"minecraft:sheep":5,"minecraft:stray":261,"alexsmobs:fly":11,"minecraft:blaze":2,"minecraft:vex":10,"iceandfire:dread_thrall":29,"alexsmobs:bison":1,"mowziesmobs:umvuthana":6,"minecraft:hoglin":3,"alexsmobs:cockroach":1,"minecraft:wither_skeleton":15},"minecraft:picked_up":{"iceandfire:dread_stone_bricks":7,"minecraft:iron_chestplate":6,"regions_unexplored:magnolia_log":1424,"regions_unexplored:silt_dirt":2,"minecraft:oak_stairs":1,"minecraft:amethyst_block":24,"iceandfire:manuscript":6,"minecraft:string":58,"minecraft:red_nether_bricks":4,"gobber2:gobber2_glass_nether":12,"gobber2:gobber2_excavator_nether":1,"minecraft:gold_nugget":51,"minecraft:cobbled_deepslate":5195,"bosses_of_mass_destruction:soul_star":12,"minecraft:black_glazed_terracotta":1,"minecraft:coal_block":171,"minecraft:golden_helmet":2,"minecraft:composter":3,"minecraft:acacia_log":31,"oresabovediamonds:black_opal":16,"minecraft:rabbit_foot":1,"minecraft:golden_chestplate":2,"minecraft:cauldron":1,"regions_unexplored:pink_magnolia_sapling":428,"iceandfire:lightning_lily":1,"minecraft:orange_bed":11,"minecraft:stone_sword":1,"artifacts:villager_hat":1,"minecraft:polished_basalt":2,"minecraft:red_tulip":1,"oresabovediamonds:amethyst_axe":1,"minecraft:bookshelf":20,"minecraft:white_terracotta":8,"supplementaries:quiver":1,"supplementaries:ash":21,"minecraft:blaze_rod":5,"minecraft:iron_bars":113,"minecraft:oxidized_copper":2,"minecraft:magma_block":66,"minecraft:feather":14,"minecraft:iron_door":1,"minecraft:brown_wool":1,"regions_unexplored:white_magnolia_shrub":4,"alexsmobs:bison_fur":2,"minecraft:flint":7,"gobber2:gobber2_gooey_bread_nether":14,"gobber2:gobber2_helmet":1,"minecraft:purple_carpet":8,"regions_unexplored:magnolia_planks":51,"bosses_of_mass_destruction:void_lily":17,"gobber2:gobber2_globette":209,"minecraft:rabbit":10,"minecraft:diamond_helmet":2,"minecraft:chiseled_polished_blackstone":1,"regions_unexplored:salmonberry":6,"bosses_of_mass_destruction:crystal_fruit":1,"alexsmobs:crocodile_egg":1,"iceandfire:stymphalian_bird_feather":6,"regions_unexplored:pink_lupine":1,"minecraft:polished_andesite":2,"regions_unexplored:hyssop":3,"minecraft:deepslate":6,"regions_unexplored:clover":142,"minecraft:granite":181,"regions_unexplored:magnolia_trapdoor":6,"minecraft:chainmail_helmet":6,"minecraft:bread":2,"regions_unexplored:magnolia_boat":3,"alexsmobs:maggot":12,"gobber2:gobber2_sword":2,"minecraft:bricks":28,"iceandfire:raw_silver":32,"iceandfire:dragon_skull_lightning":1,"minecraft:crafting_table":6,"minecraft:bee_nest":16,"iceandfire:witherbone":10,"minecraft:golden_pickaxe":1,"backpacked:backpack":1,"minecraft:iron_shovel":1,"minecraft:cracked_stone_bricks":33,"minecraft:beef":17,"iceandfire:dread_shard":36,"regions_unexplored:white_snowbelle":1,"minecraft:chest":1,"minecraft:egg":14,"regions_unexplored:day_lily":1,"bosses_of_mass_destruction:void_thorn":2,"minecraft:redstone":206,"minecraft:polished_granite_stairs":9,"minecraft:stone_shovel":1,"gobber2:gobber2_gooey_beef_nether":10,"minecraft:totem_of_undying":1,"mowziesmobs:umvuthana_mask_bliss":1,"minecraft:gold_ingot":14,"regions_unexplored:purple_lupine":2,"minecraft:mutton":7,"minecraft:white_wool":9,"minecraft:red_mushroom":2,"minecraft:oak_log":9,"minecraft:ancient_debris":6,"minecraft:golden_boots":1,"mowziesmobs:wrought_axe":1,"minecraft:paper":2,"minecraft:white_banner":1,"regions_unexplored:aster":1,"neapolitan:adzuki_beans":1,"minecraft:stone_bricks":81,"minecraft:kelp":3,"alexsmobs:cockroach_wing_fragment":1,"minecraft:cobweb":14,"gobber2:gobber2_gooey_beefstew_nether":21,"minecraft:glass_bottle":4,"minecraft:iron_sword":1,"minecraft:smooth_basalt":84,"regions_unexplored:white_magnolia_sapling":336,"minecraft:red_wool":35,"minecraft:gravel":24,"minecraft:spruce_sapling":1,"minecraft:spruce_log":3,"minecraft:leather_helmet":6,"minecraft:slime_ball":1,"regions_unexplored:fireweed":3,"minecraft:diamond_axe":2,"mowziesmobs:umvuthana_mask_fear":1,"gobber2:gobber2_goo_nether":11,"minecraft:hopper":2,"minecraft:black_carpet":9,"minecraft:potion":5,"minecraft:stone_brick_stairs":4,"regions_unexplored:magnolia_shrub":1,"minecraft:raw_copper":68,"minecraft:iron_leggings":4,"minecraft:smooth_stone":2,"iceandfire:frost_lily":1,"minecraft:white_tulip":2,"minecraft:ender_eye":12,"minecraft:calcite":53,"minecraft:wooden_shovel":2,"minecraft:iron_pickaxe":2,"minecraft:iron_boots":7,"regions_unexplored:redwood_log":93,"minecraft:tipped_arrow":50,"minecraft:stick":515,"iceandfire:ghost_chest":6,"neapolitan:vanilla_fudge":6,"minecraft:torch":217,"iceandfire:dread_sword":2,"minecraft:spruce_stairs":4,"minecraft:porkchop":14,"iceandfire:rotten_egg":1,"minecraft:diorite":51,"supplementaries:flax":1,"regions_unexplored:magnolia_stairs":10,"gobber2:gobber2_foo":11,"minecraft:quartz_block":3,"regions_unexplored:magnolia_pressure_plate":1,"minecraft:rotten_flesh":187,"minecraft:music_disc_ward":4,"minecraft:obsidian":28,"regions_unexplored:magnolia_sapling":432,"minecraft:cobblestone":1607,"minecraft:enchanting_table":3,"minecraft:leather_chestplate":7,"minecraft:andesite":184,"minecraft:golden_leggings":11,"gobber2:gobber2_leggings":3,"minecraft:potato":1,"minecraft:tuff":675,"supplementaries:flax_seeds":7,"minecraft:lapis_lazuli":290,"minecraft:dirt":2256,"minecraft:polished_granite":4,"minecraft:leather_boots":9,"minecraft:bone":461,"minecraft:acacia_planks":33,"minecraft:orange_tulip":2,"minecraft:bow":17,"gobber2:gobber2_gooey_beef":33,"minecraft:wheat_seeds":130,"minecraft:raw_gold":38,"minecraft:cobbled_deepslate_slab":34,"minecraft:mossy_stone_bricks":68,"minecraft:fletching_table":2,"minecraft:mossy_stone_brick_stairs":2,"minecraft:oak_planks":10,"gobber2:gobber2_gooey_bread":49,"gobber2:gobber2_rod_nether":6,"gobber2:gobber2_chestplate":1,"minecraft:nether_brick_stairs":20,"minecraft:lily_of_the_valley":7,"minecraft:grass_block":334,"minecraft:spectral_arrow":13,"minecraft:mossy_cobblestone":100,"minecraft:yellow_carpet":28,"regions_unexplored:hanging_earlight_fruit":1,"minecraft:diamond":189,"minecraft:bone_meal":1,"gobber2:gobber2_boots":1,"minecraft:emerald":50,"minecraft:oak_sapling":5,"minecraft:netherrack":440,"minecraft:chorus_fruit":2,"gobber2:gobber2_goo":49,"artifacts:night_vision_goggles":2,"minecraft:chicken":1,"minecraft:ladder":134,"iceandfire:fire_lily":1,"minecraft:wooden_pickaxe":1,"minecraft:stone_brick_wall":9,"minecraft:gold_block":7,"minecraft:shield":9,"minecraft:moss_carpet":1,"minecraft:blackstone":14,"improvableskills:scroll_normal":7,"oresabovediamonds:amethyst":41,"minecraft:lectern":21,"regions_unexplored:redwood_planks":1,"minecraft:sugar_cane":4,"regions_unexplored:bleeding_heart":1,"minecraft:raw_iron":80,"iceandfire:dragonbone":5,"regions_unexplored:silver_birch_leaf_pile":3,"minecraft:copper_ingot":6,"regions_unexplored:blue_lupine":3,"alexsmobs:crocodile_scute":3,"gobber2:gobber2_globette_nether":173,"iceandfire:silver_ingot":4,"minecraft:arrow":240,"minecraft:nether_bricks":13,"minecraft:pink_tulip":1,"minecraft:basalt":10,"minecraft:salmon":4,"gobber2:gobber2_gooey_beefstew":10,"minecraft:leather":16,"minecraft:chainmail_chestplate":7,"iceandfire:ectoplasm":2,"iceandfire:dread_stone_bricks_cracked":5,"minecraft:gunpowder":57,"regions_unexplored:tassel":1,"minecraft:red_carpet":4,"minecraft:rabbit_hide":7,"minecraft:iron_ingot":24,"minecraft:cooked_chicken":4,"artifacts:kitty_slippers":2,"mowziesmobs:umvuthana_mask_misery":1,"minecraft:book":65,"minecraft:emerald_block":4,"minecraft:chiseled_stone_bricks":5,"minecraft:quartz":202,"minecraft:amethyst_shard":2,"mowziesmobs:wrought_helmet":1,"minecraft:blast_furnace":1,"minecraft:spider_eye":24,"alexsmobs:raw_catfish":8,"minecraft:music_disc_mall":2,"minecraft:chainmail_leggings":3,"minecraft:iron_helmet":12,"minecraft:mossy_cobblestone_stairs":9,"minecraft:coal":84},"minecraft:crafted":{"minecraft:blaze_powder":10,"minecraft:bookshelf":1,"minecraft:quartz_block":32,"minecraft:diamond_helmet":1,"minecraft:diamond_leggings":1,"iceandfire:silver_axe":1,"minecraft:deepslate":6,"minecraft:emerald":52,"gobber2:gobber2_ingot":69,"gobber2:gobber2_glob_nether":19,"gobber2:gobber2_hammer":1,"gobber2:gobber2_bow_nether":1,"gobber2:gobber2_rod":4,"regions_unexplored:magnolia_stairs":100,"minecraft:fletching_table":1,"minecraft:lectern":1,"minecraft:stone_slab":6,"gobber2:gobber2_hammer_nether":2,"minecraft:iron_block":3,"minecraft:gold_ingot":95,"minecraft:bone_meal":885,"gobber2:gobber2_helmet":2,"gobber2:gobber2_glob":23,"gobber2:gobber2_rod_nether":6,"gobber2:gobber2_boots":2,"minecraft:stone_pickaxe":1,"minecraft:diamond_boots":1,"regions_unexplored:magnolia_planks":572,"minecraft:enchanted_book":1,"minecraft:oak_fence_gate":2,"iceandfire:silver_pickaxe":1,"neapolitan:magic_beans":1,"minecraft:grindstone":1,"minecraft:oak_planks":20,"neapolitan:adzuki_beans":1,"gobber2:gobber2_leggings":2,"minecraft:stone":3,"gobber2:gobber2_chestplate":2,"minecraft:hopper":1,"improvableskills:skills_book":1,"minecraft:chest":15,"minecraft:ender_eye":10,"gobber2:gobber2_ingot_nether":24,"minecraft:crafting_table":4,"minecraft:wooden_pickaxe":1,"bosses_of_mass_destruction:void_lily":1,"gobber2:gobber2_excavator_nether":1,"minecraft:birch_planks":20,"minecraft:stick":540,"minecraft:iron_ingot":42,"minecraft:stone_sword":2,"regions_unexplored:magnolia_boat":3,"minecraft:cobbled_deepslate_slab":252,"minecraft:wooden_sword":2,"minecraft:oak_door":3,"minecraft:coal":128,"regions_unexplored:magnolia_slab":12,"regions_unexplored:magnolia_trapdoor":6,"minecraft:netherite_scrap":8,"oresabovediamonds:amethyst_axe":1,"gobber2:gobber2_sword":2,"minecraft:diamond_sword":3,"iceandfire:silver_ingot":2,"elevatorid:elevator_red":2,"minecraft:bucket":5,"minecraft:stone_axe":2,"minecraft:air":0,"regions_unexplored:redwood_planks":64,"oresabovediamonds:amethyst_chestplate":1,"minecraft:anvil":1,"minecraft:acacia_planks":24,"minecraft:torch":144,"minecraft:diamond_chestplate":1}},"DataVersion":3465}