{"stats":{"minecraft:used":{"gobber2:gobber2_goo":15,"minecraft:ladder":131,"gobber2:gobber2_gooey_bread":1,"minecraft:chest":12,"minecraft:shield":2,"regions_unexplored:salmonberry":5,"minecraft:rotten_flesh":10,"gobber2:gobber2_goo_nether":6,"minecraft:mutton":7,"minecraft:nether_bricks":3,"minecraft:carrot":3,"minecraft:obsidian":28,"regions_unexplored:purple_lupine":1,"minecraft:red_wool":1,"minecraft:grass_block":147,"minecraft:music_disc_ward":4,"iceandfire:ghost_chest":2,"gobber2:gobber2_bow_nether":4,"neapolitan:vanilla_fudge":6,"regions_unexplored:aster":2,"gobber2:gobber2_hammer":625,"minecraft:stone_bricks":1,"supplementaries:bamboo_spikes_tipped":1,"minecraft:chorus_fruit":2,"minecraft:stone_pickaxe":37,"minecraft:wooden_pickaxe":14,"regions_unexplored:tassel":1,"iceandfire:silver_axe":318,"gobber2:gobber2_gooey_bread_nether":17,"iceandfire:silver_pickaxe":233,"regions_unexplored:fireweed":3,"minecraft:music_disc_mall":1,"minecraft:bread":6,"minecraft:lectern":1,"minecraft:grindstone":1,"minecraft:andesite":12,"minecraft:cobweb":1,"minecraft:stone_sword":154,"minecraft:acacia_log":25,"minecraft:cooked_chicken":3,"minecraft:netherrack":10,"minecraft:oak_door":1,"minecraft:orange_bed":9,"minecraft:torch":87,"minecraft:dirt":1160,"minecraft:anvil":1,"minecraft:spruce_stairs":1,"minecraft:oak_fence_gate":2,"regions_unexplored:hyssop":3,"neapolitan:strawberry_scones":4,"elevatorid:elevator_red":2,"gobber2:gobber2_gooey_beef":2,"minecraft:beef":3,"gobber2:gobber2_sword":363,"minecraft:acacia_planks":45,"minecraft:cobbled_deepslate":50,"minecraft:cooked_mutton":4,"minecraft:water_bucket":6,"minecraft:baked_potato":3,"gobber2:gobber2_hammer_nether":1972,"minecraft:leather_boots":1,"minecraft:cracked_stone_bricks":1,"minecraft:mossy_cobblestone":2,"minecraft:crafting_table":3,"supplementaries:bomb":1,"minecraft:apple":1,"minecraft:diamond_shovel":16,"minecraft:chicken":1,"minecraft:iron_pickaxe":575,"minecraft:stone_axe":159,"minecraft:potion":2,"minecraft:cobblestone":241,"minecraft:porkchop":2,"minecraft:cooked_porkchop":5,"minecraft:bucket":7,"gobber2:gobber2_excavator_nether":541,"alexsmobs:animal_dictionary":1,"gobber2:gobber2_gooey_beef_nether":10,"minecraft:chainmail_leggings":2},"minecraft:killed_by":{"minecraft:piglin_brute":2,"minecraft:blaze":2,"minecraft:player":1,"minecraft:enderman":1,"minecraft:skeleton":3,"iceandfire:lightning_dragon":4},"minecraft:dropped":{"iceandfire:raw_silver":8,"minecraft:glass_bottle":2,"minecraft:diamond":11,"gobber2:gobber2_sword":2,"minecraft:red_mushroom":2,"minecraft:red_carpet":4,"minecraft:dirt":139,"gobber2:gobber2_bow_nether":1,"supplementaries:flax":1,"minecraft:gold_nugget":5,"minecraft:iron_pickaxe":1,"gobber2:gobber2_gooey_bread":3,"minecraft:oak_door":2,"minecraft:gravel":1,"minecraft:chiseled_polished_blackstone":1,"minecraft:stone_axe":1,"minecraft:sugar_cane":3,"minecraft:cobbled_deepslate":1386,"minecraft:black_carpet":9,"minecraft:obsidian":11,"minecraft:rotten_flesh":12,"minecraft:oak_planks":6,"gobber2:gobber2_gooey_beefstew":1,"regions_unexplored:redwood_planks":1,"minecraft:black_glazed_terracotta":1,"minecraft:leather_chestplate":1,"supplementaries:flax_seeds":2,"iceandfire:ghost_chest":4,"minecraft:leather_boots":2,"minecraft:ladder":3,"minecraft:basalt":10,"minecraft:netherrack":350,"minecraft:golden_boots":1,"minecraft:wheat_seeds":26,"gobber2:gobber2_foo":7,"minecraft:feather":2,"minecraft:cobblestone":213,"gobber2:gobber2_excavator_nether":1,"minecraft:granite":13,"minecraft:spruce_stairs":1,"minecraft:yellow_carpet":28,"minecraft:stick":2,"minecraft:brown_wool":1,"regions_unexplored:purple_lupine":1,"regions_unexplored:redwood_log":93,"minecraft:polished_basalt":2,"minecraft:chainmail_leggings":2,"minecraft:string":4,"minecraft:acacia_planks":17,"minecraft:oxidized_copper":1,"artifacts:bunny_hoppers":1,"minecraft:redstone":64,"minecraft:stone_sword":2,"minecraft:raw_copper":4,"minecraft:tuff":120,"minecraft:stone_shovel":1,"regions_unexplored:clover":88,"regions_unexplored:pink_lupine":1,"oresabovediamonds:amethyst":2,"minecraft:shield":1,"minecraft:andesite":28,"oresabovediamonds:black_opal":1,"minecraft:spider_eye":1,"minecraft:red_tulip":1,"minecraft:bow":1,"gobber2:gobber2_hammer":1,"minecraft:stone_pickaxe":1,"minecraft:wooden_pickaxe":1,"minecraft:magma_block":66,"regions_unexplored:blue_lupine":1},"minecraft:crafted":{"minecraft:grindstone":1,"minecraft:oak_planks":20,"neapolitan:adzuki_beans":1,"minecraft:stone":3,"minecraft:quartz_block":32,"minecraft:diamond_leggings":1,"minecraft:chest":12,"iceandfire:silver_axe":1,"minecraft:emerald":36,"gobber2:gobber2_ingot":33,"gobber2:gobber2_ingot_nether":24,"gobber2:gobber2_glob_nether":19,"minecraft:crafting_table":1,"gobber2:gobber2_hammer":1,"minecraft:wooden_pickaxe":1,"gobber2:gobber2_bow_nether":1,"gobber2:gobber2_rod":4,"gobber2:gobber2_excavator_nether":1,"minecraft:stone_slab":6,"minecraft:stick":28,"minecraft:iron_ingot":42,"gobber2:gobber2_hammer_nether":2,"minecraft:iron_block":3,"minecraft:stone_sword":2,"minecraft:gold_ingot":95,"minecraft:oak_door":3,"minecraft:coal":128,"gobber2:gobber2_glob":11,"gobber2:gobber2_rod_nether":6,"minecraft:stone_pickaxe":1,"minecraft:diamond_boots":1,"minecraft:netherite_scrap":8,"regions_unexplored:magnolia_planks":16,"gobber2:gobber2_sword":2,"iceandfire:silver_ingot":2,"elevatorid:elevator_red":2,"minecraft:bucket":1,"minecraft:stone_axe":2,"minecraft:air":0,"minecraft:oak_fence_gate":2,"regions_unexplored:redwood_planks":64,"oresabovediamonds:amethyst_chestplate":1,"minecraft:anvil":1,"minecraft:acacia_planks":24,"iceandfire:silver_pickaxe":1,"minecraft:torch":144,"neapolitan:magic_beans":1,"minecraft:diamond_chestplate":1},"minecraft:killed":{"minecraft:spider":19,"minecraft:skeleton":19,"minecraft:chicken":1,"minecraft:skeleton_horse":1,"minecraft:piglin_brute":8,"alexsmobs:kangaroo":1,"minecraft:piglin":17,"minecraft:pig":1,"alexsmobs:grizzly_bear":1,"minecraft:creeper":6,"iceandfire:cockatrice":2,"minecraft:sheep":5,"minecraft:pillager":8,"minecraft:zombie":52,"minecraft:cow":1,"minecraft:blaze":2,"mowziesmobs:umvuthana":6,"minecraft:hoglin":3,"iceandfire:ghost":5,"minecraft:wither_skeleton":7,"minecraft:enderman":4},"minecraft:picked_up":{"minecraft:black_carpet":9,"iceandfire:manuscript":6,"minecraft:string":22,"minecraft:raw_copper":4,"gobber2:gobber2_glass_nether":12,"gobber2:gobber2_excavator_nether":1,"minecraft:gold_nugget":50,"minecraft:cobbled_deepslate":1800,"bosses_of_mass_destruction:soul_star":1,"minecraft:black_glazed_terracotta":1,"minecraft:white_tulip":2,"minecraft:wooden_shovel":2,"minecraft:iron_pickaxe":2,"minecraft:coal_block":171,"regions_unexplored:redwood_log":93,"minecraft:stick":2,"iceandfire:ghost_chest":6,"neapolitan:vanilla_fudge":6,"minecraft:torch":17,"minecraft:acacia_log":31,"minecraft:spruce_stairs":4,"minecraft:porkchop":14,"minecraft:diorite":3,"oresabovediamonds:black_opal":4,"supplementaries:flax":1,"gobber2:gobber2_foo":7,"minecraft:orange_bed":9,"minecraft:stone_sword":1,"minecraft:rotten_flesh":58,"artifacts:villager_hat":1,"minecraft:music_disc_ward":4,"minecraft:polished_basalt":2,"minecraft:red_tulip":1,"supplementaries:ash":9,"minecraft:blaze_rod":5,"minecraft:obsidian":28,"minecraft:iron_bars":49,"minecraft:cobblestone":639,"minecraft:enchanting_table":1,"minecraft:magma_block":66,"minecraft:feather":12,"minecraft:oxidized_copper":2,"minecraft:andesite":76,"minecraft:brown_wool":1,"minecraft:tuff":172,"supplementaries:flax_seeds":2,"gobber2:gobber2_gooey_bread_nether":14,"minecraft:lapis_lazuli":211,"minecraft:dirt":2209,"minecraft:purple_carpet":6,"minecraft:leather_boots":2,"minecraft:acacia_planks":33,"minecraft:bone":28,"minecraft:orange_tulip":2,"minecraft:bow":1,"gobber2:gobber2_gooey_beef":21,"minecraft:wheat_seeds":47,"gobber2:gobber2_globette":99,"minecraft:oak_planks":2,"gobber2:gobber2_gooey_bread":19,"minecraft:chiseled_polished_blackstone":1,"gobber2:gobber2_rod_nether":6,"regions_unexplored:salmonberry":6,"minecraft:grass_block":320,"regions_unexplored:pink_lupine":1,"minecraft:mossy_cobblestone":2,"minecraft:polished_andesite":2,"regions_unexplored:hyssop":3,"minecraft:yellow_carpet":28,"regions_unexplored:hanging_earlight_fruit":1,"minecraft:diamond":44,"regions_unexplored:clover":88,"minecraft:granite":13,"regions_unexplored:magnolia_trapdoor":1,"minecraft:bread":2,"minecraft:emerald":6,"minecraft:chorus_fruit":2,"gobber2:gobber2_sword":1,"iceandfire:raw_silver":17,"minecraft:netherrack":440,"gobber2:gobber2_goo":19,"minecraft:crafting_table":3,"iceandfire:witherbone":7,"minecraft:chicken":1,"minecraft:ladder":134,"minecraft:wooden_pickaxe":1,"minecraft:gold_block":7,"minecraft:cracked_stone_bricks":1,"minecraft:beef":3,"oresabovediamonds:amethyst":14,"minecraft:lectern":1,"regions_unexplored:redwood_planks":1,"minecraft:sugar_cane":3,"minecraft:raw_iron":22,"minecraft:copper_ingot":2,"regions_unexplored:blue_lupine":1,"minecraft:redstone":108,"gobber2:gobber2_globette_nether":173,"iceandfire:silver_ingot":4,"minecraft:stone_shovel":1,"minecraft:arrow":10,"minecraft:nether_bricks":3,"gobber2:gobber2_gooey_beef_nether":10,"minecraft:pink_tulip":1,"mowziesmobs:umvuthana_mask_bliss":1,"regions_unexplored:purple_lupine":2,"minecraft:mutton":7,"minecraft:white_wool":4,"minecraft:basalt":10,"gobber2:gobber2_gooey_beefstew":3,"minecraft:red_mushroom":2,"minecraft:ancient_debris":6,"iceandfire:ectoplasm":2,"minecraft:golden_boots":1,"regions_unexplored:tassel":1,"regions_unexplored:aster":1,"minecraft:red_carpet":4,"minecraft:stone_bricks":1,"minecraft:cooked_chicken":4,"minecraft:cobweb":14,"gobber2:gobber2_gooey_beefstew_nether":8,"minecraft:glass_bottle":1,"minecraft:iron_sword":1,"mowziesmobs:umvuthana_mask_misery":1,"minecraft:book":48,"minecraft:emerald_block":4,"minecraft:chiseled_stone_bricks":1,"minecraft:red_wool":27,"minecraft:quartz":202,"minecraft:gravel":24,"minecraft:spider_eye":4,"minecraft:leather_helmet":1,"minecraft:music_disc_mall":2,"regions_unexplored:fireweed":3,"minecraft:chainmail_leggings":1,"minecraft:iron_helmet":1,"mowziesmobs:umvuthana_mask_fear":1,"gobber2:gobber2_goo_nether":11,"minecraft:coal":81},"minecraft:broken":{"mowziesmobs:umvuthana_mask_fear":1,"minecraft:stone_axe":1,"minecraft:iron_pickaxe":1},"minecraft:mined":{"regions_unexplored:yellow_bioshroom_block":65,"regions_unexplored:blue_lupine":6,"oresabovediamonds:deepslate_black_opal_ore":2,"minecraft:obsidian":4,"minecraft:granite":13,"minecraft:budding_amethyst":2,"minecraft:acacia_log":33,"minecraft:grass_block":174,"gobber2:gobber2_ore_deepslate":72,"minecraft:yellow_carpet":14,"regions_unexplored:yellow_bioshroom_stem":8,"gobber2:gobber2_lucky_block":9,"minecraft:coal_block":29,"minecraft:gilded_blackstone":2,"minecraft:spawner":13,"minecraft:polished_blackstone_bricks":26,"gobber2:gobber2_ore":1,"minecraft:magma_block":16,"regions_unexplored:magnolia_trapdoor":2,"minecraft:red_nether_brick_stairs":1,"minecraft:cobbled_deepslate":4,"minecraft:fire":14,"regions_unexplored:purple_lupine":3,"gobber2:gobber2_ore_nether":56,"regions_unexplored:redwood_planks":5,"minecraft:black_carpet":9,"minecraft:deepslate_lapis_ore":15,"minecraft:enchanting_table":1,"minecraft:iron_bars":8,"minecraft:purple_carpet":7,"minecraft:orange_bed":8,"minecraft:deepslate_redstone_ore":20,"minecraft:soul_wall_torch":1,"minecraft:blackstone":73,"minecraft:crimson_nylium":2,"minecraft:torch":5,"regions_unexplored:glowing_yellow_bioshroom_block":6,"minecraft:calcite":4,"minecraft:oxidized_copper":1,"gobber2:gobber2_lucky_block_nether":27,"iceandfire:ghost_chest":3,"minecraft:white_stained_glass_pane":1,"regions_unexplored:cobalt_roots":1,"minecraft:nether_quartz_ore":54,"minecraft:cobblestone":91,"minecraft:oak_planks":25,"minecraft:sugar_cane":1,"minecraft:bricks":2,"minecraft:wall_torch":11,"minecraft:amethyst_block":5,"oresabovediamonds:deepslate_amethyst_ore":5,"minecraft:jukebox":1,"regions_unexplored:mauve_leaves":2,"minecraft:grass":41,"minecraft:oak_log":2,"minecraft:dirt":404,"regions_unexplored:clover":31,"minecraft:smooth_basalt":4,"minecraft:netherrack":751,"minecraft:ancient_debris":2,"minecraft:emerald_block":4,"minecraft:deepslate":941,"regions_unexplored:fireweed":3,"minecraft:red_carpet":4,"minecraft:tuff":194,"iceandfire:silver_ore":10,"minecraft:mossy_cobblestone":2,"minecraft:deepslate_diamond_ore":13,"regions_unexplored:pink_lupine":3,"minecraft:ladder":2,"minecraft:nether_bricks":38,"regions_unexplored:hanging_earlight":1,"iceandfire:deepslate_silver_ore":4,"regions_unexplored:aster":1,"minecraft:red_mushroom":1,"minecraft:large_fern":1,"minecraft:polished_basalt":1,"supplementaries:flax":1,"minecraft:andesite":26,"minecraft:gold_block":4,"minecraft:bookshelf":19,"minecraft:deepslate_iron_ore":12,"minecraft:vine":4,"bosses_of_mass_destruction:gauntlet_blackstone":1,"minecraft:smooth_quartz_stairs":1,"regions_unexplored:medium_grass":22,"minecraft:bamboo":10,"regions_unexplored:windswept_grass":8,"minecraft:stone":565,"regions_unexplored:redwood_log":93,"minecraft:white_wool":2,"minecraft:podzol":1,"minecraft:red_wool":27,"minecraft:basalt":6,"regions_unexplored:mycotoxic_moss":2,"minecraft:crafting_table":3,"regions_unexplored:pink_magnolia_leaves":5,"minecraft:lectern":1,"minecraft:tall_grass":16,"minecraft:copper_ore":3,"minecraft:diorite":49,"minecraft:warped_wart_block":12,"supplementaries:urn":10,"minecraft:spruce_stairs":5,"regions_unexplored:redwood_leaves":18,"gobber2:gobber2_lucky_block_deepslate":49,"minecraft:warped_hyphae":2,"minecraft:coal_ore":47,"minecraft:gravel":25,"minecraft:cracked_stone_bricks":1,"minecraft:cobweb":1,"minecraft:acacia_planks":33,"minecraft:stone_bricks":1,"minecraft:fern":2,"regions_unexplored:tassel":1},"minecraft:custom":{"minecraft:interact_with_crafting_table":72,"minecraft:eat_cake_slice":1,"minecraft:leave_game":5,"minecraft:time_since_death":36874,"minecraft:damage_resisted":39,"minecraft:sprint_one_cm":778455,"minecraft:damage_blocked_by_shield":165,"minecraft:drop":153,"minecraft:talked_to_villager":1,"minecraft:play_time":610170,"minecraft:deaths":13,"minecraft:jump":6318,"minecraft:interact_with_brewingstand":1,"minecraft:walk_on_water_one_cm":37826,"minecraft:interact_with_furnace":35,"minecraft:play_record":5,"minecraft:traded_with_villager":2,"minecraft:sleep_in_bed":23,"minecraft:damage_dealt":42055,"minecraft:player_kills":2,"minecraft:crouch_one_cm":89711,"minecraft:inspect_dispenser":4,"minecraft:horse_one_cm":75329,"minecraft:interact_with_anvil":1,"minecraft:mob_kills":175,"minecraft:damage_dealt_resisted":771,"minecraft:climb_one_cm":65204,"minecraft:walk_one_cm":2047286,"minecraft:sneak_time":22683,"minecraft:walk_under_water_one_cm":32005,"minecraft:interact_with_lectern":23,"minecraft:total_world_time":610170,"minecraft:interact_with_grindstone":2,"minecraft:time_since_rest":36899,"minecraft:damage_taken":9976,"minecraft:trigger_trapped_chest":4,"minecraft:swim_one_cm":58582,"minecraft:fly_one_cm":877756,"minecraft:open_chest":314,"minecraft:fall_one_cm":103117}},"DataVersion":3465}