{"stats":{"minecraft:used":{"gobber2:gobber2_goo":13,"minecraft:ladder":131,"minecraft:chest":12,"regions_unexplored:salmonberry":5,"minecraft:rotten_flesh":10,"gobber2:gobber2_goo_nether":6,"minecraft:nether_bricks":3,"minecraft:carrot":3,"minecraft:obsidian":28,"minecraft:red_wool":1,"minecraft:music_disc_ward":4,"iceandfire:ghost_chest":2,"gobber2:gobber2_bow_nether":4,"neapolitan:vanilla_fudge":6,"regions_unexplored:aster":2,"gobber2:gobber2_hammer":625,"minecraft:stone_bricks":1,"minecraft:stone_pickaxe":37,"minecraft:wooden_pickaxe":14,"regions_unexplored:tassel":1,"iceandfire:silver_axe":254,"gobber2:gobber2_gooey_bread_nether":5,"iceandfire:silver_pickaxe":233,"regions_unexplored:fireweed":3,"minecraft:music_disc_mall":1,"minecraft:bread":6,"minecraft:lectern":1,"minecraft:andesite":12,"minecraft:cobweb":1,"minecraft:stone_sword":154,"minecraft:acacia_log":25,"minecraft:cooked_chicken":1,"minecraft:netherrack":10,"minecraft:oak_door":1,"minecraft:orange_bed":9,"minecraft:torch":24,"minecraft:dirt":10,"minecraft:spruce_stairs":1,"minecraft:oak_fence_gate":2,"regions_unexplored:hyssop":3,"neapolitan:strawberry_scones":4,"minecraft:beef":3,"gobber2:gobber2_sword":224,"minecraft:acacia_planks":31,"minecraft:cobbled_deepslate":50,"minecraft:cooked_mutton":2,"minecraft:water_bucket":6,"minecraft:baked_potato":3,"gobber2:gobber2_hammer_nether":1367,"minecraft:leather_boots":1,"minecraft:cracked_stone_bricks":1,"minecraft:mossy_cobblestone":2,"minecraft:crafting_table":3,"supplementaries:bomb":1,"minecraft:apple":1,"minecraft:diamond_shovel":7,"minecraft:chicken":1,"minecraft:iron_pickaxe":575,"minecraft:stone_axe":159,"minecraft:cobblestone":125,"minecraft:cooked_porkchop":5,"minecraft:bucket":7,"alexsmobs:animal_dictionary":1,"gobber2:gobber2_gooey_beef_nether":10,"minecraft:chainmail_leggings":2},"minecraft:killed_by":{"minecraft:piglin_brute":2,"minecraft:blaze":2,"minecraft:player":1,"minecraft:skeleton":2},"minecraft:crafted":{"minecraft:oak_planks":20,"neapolitan:adzuki_beans":1,"minecraft:quartz_block":32,"minecraft:diamond_leggings":1,"minecraft:chest":12,"iceandfire:silver_axe":1,"gobber2:gobber2_ingot":33,"gobber2:gobber2_ingot_nether":24,"gobber2:gobber2_glob_nether":19,"minecraft:crafting_table":1,"gobber2:gobber2_hammer":1,"minecraft:wooden_pickaxe":1,"gobber2:gobber2_bow_nether":1,"gobber2:gobber2_rod":4,"minecraft:stick":28,"minecraft:iron_ingot":23,"gobber2:gobber2_hammer_nether":2,"minecraft:stone_sword":2,"minecraft:gold_ingot":95,"minecraft:oak_door":3,"gobber2:gobber2_glob":11,"gobber2:gobber2_rod_nether":4,"minecraft:stone_pickaxe":1,"minecraft:diamond_boots":1,"minecraft:netherite_scrap":8,"gobber2:gobber2_sword":2,"iceandfire:silver_ingot":2,"minecraft:bucket":1,"minecraft:stone_axe":2,"minecraft:air":0,"minecraft:oak_fence_gate":2,"regions_unexplored:redwood_planks":64,"oresabovediamonds:amethyst_chestplate":1,"minecraft:acacia_planks":24,"iceandfire:silver_pickaxe":1,"minecraft:torch":4,"neapolitan:magic_beans":1,"minecraft:diamond_chestplate":1},"minecraft:dropped":{"iceandfire:raw_silver":8,"minecraft:diamond":11,"gobber2:gobber2_sword":1,"minecraft:red_mushroom":2,"minecraft:red_carpet":3,"gobber2:gobber2_bow_nether":1,"minecraft:gold_nugget":5,"minecraft:iron_pickaxe":1,"gobber2:gobber2_gooey_bread":3,"minecraft:gravel":1,"minecraft:chiseled_polished_blackstone":1,"minecraft:stone_axe":1,"minecraft:cobbled_deepslate":1386,"minecraft:black_carpet":9,"minecraft:obsidian":11,"minecraft:rotten_flesh":12,"gobber2:gobber2_gooey_beefstew":1,"minecraft:leather_chestplate":1,"iceandfire:ghost_chest":4,"minecraft:leather_boots":2,"minecraft:ladder":3,"minecraft:netherrack":350,"minecraft:golden_boots":1,"minecraft:wheat_seeds":1,"gobber2:gobber2_foo":7,"minecraft:cobblestone":68,"minecraft:granite":13,"minecraft:stick":2,"regions_unexplored:purple_lupine":1,"regions_unexplored:redwood_log":93,"minecraft:chainmail_leggings":2,"minecraft:string":4,"minecraft:acacia_planks":1,"minecraft:oxidized_copper":1,"artifacts:bunny_hoppers":1,"minecraft:redstone":64,"minecraft:stone_sword":2,"minecraft:raw_copper":4,"minecraft:tuff":81,"minecraft:stone_shovel":1,"regions_unexplored:clover":74,"oresabovediamonds:amethyst":2,"minecraft:shield":1,"minecraft:andesite":26,"oresabovediamonds:black_opal":1,"minecraft:spider_eye":1,"minecraft:bow":1,"gobber2:gobber2_hammer":1,"minecraft:stone_pickaxe":1,"minecraft:wooden_pickaxe":1,"minecraft:magma_block":3,"regions_unexplored:blue_lupine":1},"minecraft:killed":{"minecraft:spider":18,"minecraft:skeleton":12,"minecraft:chicken":1,"minecraft:skeleton_horse":1,"minecraft:piglin_brute":8,"minecraft:piglin":17,"minecraft:pig":1,"minecraft:creeper":3,"iceandfire:cockatrice":1,"minecraft:sheep":4,"minecraft:pillager":3,"minecraft:zombie":36,"minecraft:cow":1,"minecraft:blaze":2,"mowziesmobs:umvuthana":6,"minecraft:hoglin":3,"iceandfire:ghost":5,"minecraft:wither_skeleton":7,"minecraft:enderman":1},"minecraft:picked_up":{"minecraft:black_carpet":9,"iceandfire:manuscript":6,"minecraft:string":21,"minecraft:raw_copper":4,"gobber2:gobber2_glass_nether":12,"minecraft:gold_nugget":50,"minecraft:cobbled_deepslate":1800,"bosses_of_mass_destruction:soul_star":1,"minecraft:iron_pickaxe":2,"regions_unexplored:redwood_log":93,"minecraft:stick":2,"iceandfire:ghost_chest":6,"neapolitan:vanilla_fudge":6,"minecraft:torch":14,"minecraft:acacia_log":31,"minecraft:spruce_stairs":1,"minecraft:porkchop":14,"oresabovediamonds:black_opal":4,"gobber2:gobber2_foo":7,"minecraft:orange_bed":9,"minecraft:stone_sword":1,"minecraft:rotten_flesh":42,"artifacts:villager_hat":1,"minecraft:music_disc_ward":4,"supplementaries:ash":9,"minecraft:blaze_rod":5,"minecraft:obsidian":28,"minecraft:iron_bars":4,"minecraft:cobblestone":371,"minecraft:magma_block":3,"minecraft:feather":10,"minecraft:oxidized_copper":2,"minecraft:andesite":74,"minecraft:brown_wool":1,"minecraft:tuff":133,"gobber2:gobber2_gooey_bread_nether":14,"minecraft:lapis_lazuli":211,"minecraft:dirt":25,"minecraft:leather_boots":2,"minecraft:acacia_planks":23,"minecraft:bone":28,"minecraft:bow":1,"gobber2:gobber2_gooey_beef":19,"minecraft:wheat_seeds":3,"gobber2:gobber2_globette":99,"gobber2:gobber2_gooey_bread":18,"minecraft:chiseled_polished_blackstone":1,"gobber2:gobber2_rod_nether":6,"regions_unexplored:salmonberry":6,"minecraft:mossy_cobblestone":2,"regions_unexplored:hyssop":3,"regions_unexplored:hanging_earlight_fruit":1,"minecraft:diamond":44,"regions_unexplored:clover":83,"minecraft:granite":13,"regions_unexplored:magnolia_trapdoor":1,"minecraft:bread":2,"minecraft:emerald":6,"iceandfire:raw_silver":17,"minecraft:netherrack":440,"gobber2:gobber2_goo":17,"minecraft:crafting_table":3,"iceandfire:witherbone":5,"minecraft:chicken":1,"minecraft:ladder":134,"minecraft:wooden_pickaxe":1,"minecraft:gold_block":7,"minecraft:cracked_stone_bricks":1,"minecraft:beef":3,"oresabovediamonds:amethyst":14,"minecraft:lectern":1,"regions_unexplored:redwood_planks":1,"minecraft:sugar_cane":3,"minecraft:raw_iron":18,"minecraft:copper_ingot":2,"regions_unexplored:blue_lupine":1,"minecraft:redstone":108,"gobber2:gobber2_globette_nether":173,"iceandfire:silver_ingot":4,"minecraft:stone_shovel":1,"minecraft:arrow":7,"minecraft:nether_bricks":3,"gobber2:gobber2_gooey_beef_nether":10,"mowziesmobs:umvuthana_mask_bliss":1,"regions_unexplored:purple_lupine":1,"minecraft:mutton":7,"minecraft:white_wool":3,"gobber2:gobber2_gooey_beefstew":3,"minecraft:red_mushroom":2,"minecraft:ancient_debris":6,"iceandfire:ectoplasm":2,"minecraft:golden_boots":1,"regions_unexplored:tassel":1,"regions_unexplored:aster":1,"minecraft:red_carpet":3,"minecraft:stone_bricks":1,"minecraft:cooked_chicken":1,"minecraft:cobweb":14,"gobber2:gobber2_gooey_beefstew_nether":8,"minecraft:iron_sword":1,"mowziesmobs:umvuthana_mask_misery":1,"minecraft:book":12,"minecraft:red_wool":1,"minecraft:quartz":202,"minecraft:gravel":24,"minecraft:spider_eye":4,"minecraft:music_disc_mall":2,"regions_unexplored:fireweed":3,"minecraft:chainmail_leggings":1,"minecraft:iron_helmet":1,"mowziesmobs:umvuthana_mask_fear":1,"gobber2:gobber2_goo_nether":11,"minecraft:coal":39},"minecraft:broken":{"mowziesmobs:umvuthana_mask_fear":1,"minecraft:stone_axe":1,"minecraft:iron_pickaxe":1},"minecraft:mined":{"regions_unexplored:yellow_bioshroom_block":65,"regions_unexplored:blue_lupine":6,"oresabovediamonds:deepslate_black_opal_ore":2,"minecraft:obsidian":4,"minecraft:granite":13,"minecraft:acacia_log":33,"minecraft:grass_block":10,"gobber2:gobber2_ore_deepslate":72,"regions_unexplored:yellow_bioshroom_stem":8,"gobber2:gobber2_lucky_block":7,"minecraft:gilded_blackstone":2,"minecraft:spawner":1,"minecraft:polished_blackstone_bricks":26,"minecraft:magma_block":4,"regions_unexplored:magnolia_trapdoor":2,"minecraft:red_nether_brick_stairs":1,"minecraft:cobbled_deepslate":4,"minecraft:fire":13,"regions_unexplored:purple_lupine":3,"gobber2:gobber2_ore_nether":56,"regions_unexplored:redwood_planks":5,"minecraft:black_carpet":9,"minecraft:deepslate_lapis_ore":15,"minecraft:iron_bars":3,"minecraft:orange_bed":8,"minecraft:deepslate_redstone_ore":18,"minecraft:soul_wall_torch":1,"minecraft:blackstone":73,"minecraft:crimson_nylium":2,"minecraft:torch":3,"regions_unexplored:glowing_yellow_bioshroom_block":6,"minecraft:oxidized_copper":1,"gobber2:gobber2_lucky_block_nether":27,"iceandfire:ghost_chest":3,"minecraft:white_stained_glass_pane":1,"regions_unexplored:cobalt_roots":1,"minecraft:nether_quartz_ore":54,"minecraft:cobblestone":14,"minecraft:sugar_cane":1,"minecraft:wall_torch":7,"oresabovediamonds:deepslate_amethyst_ore":5,"minecraft:grass":21,"minecraft:dirt":18,"regions_unexplored:clover":29,"minecraft:netherrack":751,"minecraft:ancient_debris":2,"minecraft:deepslate":925,"regions_unexplored:fireweed":3,"minecraft:red_carpet":3,"minecraft:tuff":189,"iceandfire:silver_ore":9,"minecraft:mossy_cobblestone":2,"minecraft:deepslate_diamond_ore":13,"regions_unexplored:pink_lupine":3,"minecraft:ladder":2,"minecraft:nether_bricks":38,"regions_unexplored:hanging_earlight":1,"iceandfire:deepslate_silver_ore":4,"regions_unexplored:aster":1,"minecraft:red_mushroom":1,"minecraft:polished_basalt":1,"minecraft:andesite":26,"minecraft:gold_block":4,"minecraft:bookshelf":4,"minecraft:deepslate_iron_ore":12,"minecraft:vine":4,"bosses_of_mass_destruction:gauntlet_blackstone":1,"minecraft:smooth_quartz_stairs":1,"regions_unexplored:medium_grass":14,"minecraft:stone":266,"regions_unexplored:redwood_log":93,"minecraft:white_wool":2,"minecraft:red_wool":1,"minecraft:basalt":4,"regions_unexplored:mycotoxic_moss":2,"minecraft:crafting_table":3,"minecraft:lectern":1,"minecraft:tall_grass":2,"minecraft:copper_ore":2,"minecraft:warped_wart_block":12,"supplementaries:urn":10,"minecraft:spruce_stairs":2,"regions_unexplored:redwood_leaves":1,"gobber2:gobber2_lucky_block_deepslate":49,"minecraft:warped_hyphae":2,"minecraft:coal_ore":39,"minecraft:gravel":25,"minecraft:cracked_stone_bricks":1,"minecraft:cobweb":1,"minecraft:acacia_planks":23,"minecraft:stone_bricks":1,"regions_unexplored:tassel":1},"minecraft:custom":{"minecraft:interact_with_crafting_table":63,"minecraft:leave_game":5,"minecraft:time_since_death":23383,"minecraft:damage_resisted":39,"minecraft:sprint_one_cm":417804,"minecraft:drop":108,"minecraft:talked_to_villager":1,"minecraft:play_time":424170,"minecraft:deaths":7,"minecraft:jump":4483,"minecraft:walk_on_water_one_cm":30447,"minecraft:interact_with_furnace":27,"minecraft:play_record":5,"minecraft:traded_with_villager":2,"minecraft:sleep_in_bed":18,"minecraft:damage_dealt":32415,"minecraft:player_kills":2,"minecraft:crouch_one_cm":8879,"minecraft:inspect_dispenser":4,"minecraft:horse_one_cm":75329,"minecraft:mob_kills":132,"minecraft:damage_dealt_resisted":771,"minecraft:climb_one_cm":65204,"minecraft:walk_one_cm":1591078,"minecraft:sneak_time":5076,"minecraft:walk_under_water_one_cm":27452,"minecraft:interact_with_lectern":14,"minecraft:total_world_time":424170,"minecraft:time_since_rest":3957,"minecraft:damage_taken":6740,"minecraft:trigger_trapped_chest":4,"minecraft:swim_one_cm":43460,"minecraft:fly_one_cm":495318,"minecraft:open_chest":229,"minecraft:fall_one_cm":64347}},"DataVersion":3465}