{"stats":{"minecraft:dropped":{"iceandfire:raw_silver":8,"gobber2:gobber2_gooey_beefstew_nether":2,"minecraft:glass_bottle":9,"minecraft:diamond":11,"gobber2:gobber2_sword":2,"regions_unexplored:magnolia_trapdoor":1,"minecraft:mossy_stone_brick_stairs":1,"minecraft:cracked_stone_bricks":1,"minecraft:leather_helmet":6,"minecraft:red_mushroom":2,"minecraft:red_carpet":4,"minecraft:dirt":441,"minecraft:wooden_sword":1,"supplementaries:flax":1,"minecraft:gold_nugget":5,"minecraft:bone_meal":16,"minecraft:iron_pickaxe":1,"minecraft:oak_door":2,"regions_unexplored:magnolia_pressure_plate":1,"minecraft:stone_axe":1,"minecraft:sugar_cane":3,"minecraft:golden_chestplate":2,"minecraft:cobbled_deepslate":1579,"minecraft:black_carpet":9,"minecraft:obsidian":11,"minecraft:rotten_flesh":33,"minecraft:oak_planks":6,"gobber2:gobber2_gooey_beefstew":1,"regions_unexplored:redwood_planks":1,"regions_unexplored:magnolia_slab":6,"minecraft:black_glazed_terracotta":1,"supplementaries:flax_seeds":2,"minecraft:tipped_arrow":18,"iceandfire:ghost_chest":4,"minecraft:hopper":2,"minecraft:leather_boots":3,"minecraft:ladder":3,"minecraft:leather_leggings":2,"improvableskills:scroll_normal":1,"minecraft:red_nether_bricks":4,"minecraft:stone_brick_stairs":1,"minecraft:lectern":1,"minecraft:egg":2,"minecraft:golden_boots":3,"minecraft:iron_ingot":8,"minecraft:wheat_seeds":30,"minecraft:iron_helmet":9,"minecraft:cobblestone":405,"minecraft:feather":2,"minecraft:granite":13,"minecraft:yellow_carpet":28,"regions_unexplored:day_lily":1,"minecraft:coal":2,"regions_unexplored:purple_lupine":1,"regions_unexplored:redwood_log":93,"minecraft:potion":2,"minecraft:oak_stairs":1,"minecraft:iron_shovel":1,"minecraft:chainmail_leggings":2,"minecraft:paper":5,"minecraft:string":11,"minecraft:acacia_planks":17,"minecraft:oxidized_copper":1,"artifacts:bunny_hoppers":1,"minecraft:stone_sword":2,"minecraft:bowl":1,"minecraft:stone_shovel":1,"regions_unexplored:clover":105,"minecraft:iron_boots":12,"minecraft:cobbled_deepslate_slab":40,"minecraft:polished_granite_stairs":6,"supplementaries:quiver":1,"oresabovediamonds:amethyst":2,"regions_unexplored:magnolia_stairs":6,"regions_unexplored:white_magnolia_shrub":2,"minecraft:stone_bricks":117,"minecraft:spider_eye":10,"minecraft:bow":24,"minecraft:red_tulip":1,"minecraft:magma_block":66,"regions_unexplored:blue_lupine":1,"regions_unexplored:magnolia_log":145,"minecraft:oak_log":9,"minecraft:golden_pickaxe":1,"minecraft:flint":1,"gobber2:gobber2_bow_nether":1,"gobber2:gobber2_gooey_bread":3,"minecraft:gravel":1,"minecraft:chiseled_polished_blackstone":1,"minecraft:chainmail_chestplate":7,"minecraft:chiseled_stone_bricks":4,"minecraft:rabbit_hide":2,"minecraft:leather_chestplate":14,"supplementaries:ash":5,"minecraft:gunpowder":18,"minecraft:stone_brick_wall":4,"minecraft:chest":1,"minecraft:basalt":10,"minecraft:arrow":2,"minecraft:netherrack":350,"minecraft:purple_carpet":1,"regions_unexplored:magnolia_planks":44,"minecraft:golden_helmet":5,"gobber2:gobber2_foo":7,"minecraft:mossy_cobblestone":8,"gobber2:gobber2_excavator_nether":1,"minecraft:spruce_stairs":1,"minecraft:grass_block":111,"minecraft:stick":175,"minecraft:diorite":1,"minecraft:torch":51,"minecraft:brown_wool":1,"minecraft:iron_leggings":4,"minecraft:polished_basalt":2,"minecraft:redstone":124,"alexsmobs:maggot":1,"artifacts:kitty_slippers":1,"minecraft:raw_copper":4,"minecraft:tuff":185,"iceandfire:witherbone":1,"minecraft:raw_iron":2,"regions_unexplored:pink_lupine":1,"minecraft:shield":7,"iceandfire:rotten_egg":1,"minecraft:iron_chestplate":7,"minecraft:andesite":73,"minecraft:mossy_stone_bricks":43,"minecraft:golden_leggings":16,"minecraft:oak_sapling":5,"oresabovediamonds:black_opal":1,"minecraft:slime_ball":1,"minecraft:wooden_pickaxe":1,"gobber2:gobber2_hammer":1,"minecraft:stone_pickaxe":1,"regions_unexplored:white_magnolia_sapling":26},"minecraft:mined":{"regions_unexplored:yellow_bioshroom_block":65,"regions_unexplored:blue_lupine":8,"regions_unexplored:magnolia_log":2311,"oresabovediamonds:deepslate_black_opal_ore":2,"minecraft:obsidian":4,"minecraft:granite":22,"minecraft:acacia_log":33,"minecraft:stone_brick_wall":1,"minecraft:yellow_carpet":14,"minecraft:coal_block":29,"minecraft:hopper":1,"minecraft:chiseled_stone_bricks":1,"minecraft:spawner":51,"minecraft:polished_blackstone_bricks":26,"minecraft:magma_block":16,"gobber2:gobber2_ore":1,"regions_unexplored:magnolia_stairs":10,"minecraft:mossy_cobblestone_stairs":8,"minecraft:cobbled_deepslate":334,"minecraft:fire":15,"gobber2:gobber2_ore_nether":56,"minecraft:deepslate_lapis_ore":15,"minecraft:nether_brick_stairs":3,"minecraft:enchanting_table":3,"minecraft:oak_stairs":1,"minecraft:orange_bed":10,"minecraft:soul_wall_torch":1,"minecraft:crimson_nylium":2,"regions_unexplored:white_magnolia_leaves":3,"minecraft:torch":10,"regions_unexplored:glowing_yellow_bioshroom_block":6,"regions_unexplored:magnolia_pressure_plate":1,"minecraft:oxidized_copper":1,"gobber2:gobber2_lucky_block_nether":27,"minecraft:white_stained_glass_pane":1,"regions_unexplored:cobalt_roots":1,"minecraft:sugar_cane":1,"minecraft:bricks":8,"minecraft:amethyst_block":20,"minecraft:jukebox":1,"minecraft:stone_brick_stairs":2,"minecraft:grass":63,"regions_unexplored:clover":38,"minecraft:smooth_basalt":13,"minecraft:deepslate":1158,"regions_unexplored:fireweed":3,"iceandfire:silver_ore":10,"minecraft:mossy_cobblestone":26,"minecraft:nether_bricks":38,"minecraft:cobbled_deepslate_slab":24,"regions_unexplored:hanging_earlight":1,"neapolitan:adzuki_sprouts":1,"iceandfire:deepslate_silver_ore":4,"minecraft:red_mushroom":1,"supplementaries:flax":1,"minecraft:andesite":39,"minecraft:mossy_stone_brick_stairs":4,"minecraft:vine":51,"bosses_of_mass_destruction:gauntlet_blackstone":1,"minecraft:smooth_quartz_stairs":1,"minecraft:bamboo":10,"regions_unexplored:windswept_grass":8,"regions_unexplored:redwood_log":93,"regions_unexplored:day_lily":2,"minecraft:white_wool":2,"minecraft:tall_grass":21,"minecraft:copper_ore":4,"minecraft:deepslate_gold_ore":2,"minecraft:diorite":97,"minecraft:warped_wart_block":12,"regions_unexplored:magnolia_shrub":2,"minecraft:gravel":26,"minecraft:cobweb":2,"minecraft:acacia_planks":33,"minecraft:stone_bricks":31,"regions_unexplored:magnolia_planks":17,"minecraft:fern":2,"regions_unexplored:tassel":1,"minecraft:budding_amethyst":4,"minecraft:grass_block":179,"gobber2:gobber2_ore_deepslate":75,"regions_unexplored:yellow_bioshroom_stem":8,"gobber2:gobber2_lucky_block":12,"minecraft:gilded_blackstone":2,"regions_unexplored:magnolia_sapling":4,"regions_unexplored:magnolia_trapdoor":6,"minecraft:red_nether_brick_stairs":1,"regions_unexplored:purple_lupine":3,"regions_unexplored:redwood_planks":5,"minecraft:black_carpet":9,"minecraft:iron_bars":18,"minecraft:purple_carpet":7,"minecraft:granite_stairs":3,"minecraft:polished_granite_stairs":5,"minecraft:deepslate_redstone_ore":27,"minecraft:quartz_block":1,"regions_unexplored:white_magnolia_sapling":4,"minecraft:blackstone":73,"minecraft:calcite":15,"iceandfire:ghost_chest":3,"regions_unexplored:pink_magnolia_sapling":11,"minecraft:nether_quartz_ore":54,"minecraft:cobblestone":95,"minecraft:oak_planks":33,"minecraft:iron_door":2,"minecraft:wall_torch":19,"oresabovediamonds:deepslate_amethyst_ore":8,"regions_unexplored:mauve_leaves":2,"minecraft:oak_log":15,"minecraft:dirt":426,"minecraft:netherrack":751,"minecraft:ancient_debris":2,"minecraft:oak_leaves":47,"minecraft:emerald_block":4,"minecraft:red_carpet":4,"minecraft:tuff":199,"minecraft:deepslate_diamond_ore":13,"regions_unexplored:pink_lupine":3,"minecraft:ladder":2,"minecraft:brick_stairs":7,"regions_unexplored:aster":1,"minecraft:large_fern":1,"minecraft:polished_basalt":1,"regions_unexplored:white_magnolia_shrub":5,"minecraft:gold_block":4,"minecraft:bookshelf":44,"minecraft:deepslate_iron_ore":12,"regions_unexplored:medium_grass":35,"minecraft:stone":669,"minecraft:podzol":1,"minecraft:red_wool":34,"minecraft:basalt":6,"regions_unexplored:mycotoxic_moss":2,"minecraft:polished_granite":2,"minecraft:crafting_table":4,"regions_unexplored:pink_magnolia_leaves":5,"minecraft:lectern":2,"supplementaries:urn":12,"minecraft:spruce_stairs":5,"regions_unexplored:redwood_leaves":18,"gobber2:gobber2_lucky_block_deepslate":51,"minecraft:bee_nest":18,"minecraft:warped_hyphae":2,"minecraft:coal_ore":50,"minecraft:cracked_stone_bricks":21,"minecraft:mossy_stone_bricks":46},"minecraft:picked_up":{"minecraft:iron_chestplate":4,"regions_unexplored:magnolia_log":1424,"minecraft:oak_stairs":1,"minecraft:amethyst_block":3,"iceandfire:manuscript":6,"minecraft:string":47,"minecraft:red_nether_bricks":4,"gobber2:gobber2_glass_nether":12,"gobber2:gobber2_excavator_nether":1,"minecraft:cobbled_deepslate":3642,"minecraft:gold_nugget":51,"bosses_of_mass_destruction:soul_star":5,"minecraft:black_glazed_terracotta":1,"minecraft:coal_block":171,"minecraft:acacia_log":31,"oresabovediamonds:black_opal":4,"minecraft:golden_chestplate":2,"regions_unexplored:pink_magnolia_sapling":428,"minecraft:orange_bed":11,"minecraft:stone_sword":1,"artifacts:villager_hat":1,"minecraft:polished_basalt":2,"minecraft:red_tulip":1,"minecraft:bookshelf":20,"supplementaries:ash":15,"supplementaries:quiver":1,"minecraft:blaze_rod":5,"minecraft:iron_bars":112,"minecraft:oxidized_copper":2,"minecraft:magma_block":66,"minecraft:feather":14,"minecraft:iron_door":1,"minecraft:brown_wool":1,"regions_unexplored:white_magnolia_shrub":4,"minecraft:flint":1,"gobber2:gobber2_gooey_bread_nether":14,"minecraft:purple_carpet":8,"regions_unexplored:magnolia_planks":51,"gobber2:gobber2_globette":117,"minecraft:diamond_helmet":1,"minecraft:chiseled_polished_blackstone":1,"regions_unexplored:salmonberry":6,"regions_unexplored:pink_lupine":1,"minecraft:polished_andesite":2,"regions_unexplored:hyssop":3,"regions_unexplored:clover":105,"minecraft:granite":13,"regions_unexplored:magnolia_trapdoor":6,"minecraft:bread":2,"minecraft:chainmail_helmet":1,"alexsmobs:maggot":10,"gobber2:gobber2_sword":1,"minecraft:bricks":28,"iceandfire:raw_silver":17,"iceandfire:dragon_skull_lightning":1,"minecraft:crafting_table":4,"minecraft:bee_nest":16,"iceandfire:witherbone":10,"minecraft:golden_pickaxe":1,"backpacked:backpack":1,"minecraft:iron_shovel":1,"minecraft:cracked_stone_bricks":33,"minecraft:beef":11,"minecraft:chest":1,"minecraft:egg":5,"regions_unexplored:day_lily":1,"minecraft:redstone":169,"minecraft:polished_granite_stairs":9,"minecraft:stone_shovel":1,"gobber2:gobber2_gooey_beef_nether":10,"mowziesmobs:umvuthana_mask_bliss":1,"regions_unexplored:purple_lupine":2,"minecraft:mutton":7,"minecraft:white_wool":4,"minecraft:red_mushroom":2,"minecraft:oak_log":9,"minecraft:ancient_debris":6,"minecraft:golden_boots":1,"minecraft:paper":2,"minecraft:white_banner":1,"regions_unexplored:aster":1,"neapolitan:adzuki_beans":1,"minecraft:stone_bricks":81,"alexsmobs:cockroach_wing_fragment":1,"minecraft:cobweb":14,"gobber2:gobber2_gooey_beefstew_nether":21,"minecraft:glass_bottle":4,"minecraft:iron_sword":1,"minecraft:smooth_basalt":17,"regions_unexplored:white_magnolia_sapling":336,"minecraft:red_wool":35,"minecraft:gravel":24,"minecraft:leather_helmet":5,"minecraft:slime_ball":1,"regions_unexplored:fireweed":3,"minecraft:diamond_axe":1,"mowziesmobs:umvuthana_mask_fear":1,"gobber2:gobber2_goo_nether":11,"minecraft:hopper":2,"minecraft:black_carpet":9,"minecraft:potion":5,"minecraft:stone_brick_stairs":4,"regions_unexplored:magnolia_shrub":1,"minecraft:raw_copper":4,"minecraft:iron_leggings":3,"minecraft:white_tulip":2,"minecraft:calcite":3,"minecraft:ender_eye":12,"minecraft:wooden_shovel":2,"minecraft:iron_pickaxe":2,"regions_unexplored:redwood_log":93,"minecraft:iron_boots":5,"minecraft:tipped_arrow":34,"minecraft:stick":515,"iceandfire:ghost_chest":6,"neapolitan:vanilla_fudge":6,"minecraft:torch":200,"minecraft:spruce_stairs":4,"minecraft:porkchop":14,"iceandfire:rotten_egg":1,"minecraft:diorite":4,"supplementaries:flax":1,"regions_unexplored:magnolia_stairs":10,"gobber2:gobber2_foo":7,"minecraft:quartz_block":3,"regions_unexplored:magnolia_pressure_plate":1,"minecraft:rotten_flesh":135,"minecraft:music_disc_ward":4,"minecraft:obsidian":28,"regions_unexplored:magnolia_sapling":432,"minecraft:cobblestone":966,"minecraft:enchanting_table":3,"minecraft:leather_chestplate":4,"minecraft:andesite":144,"minecraft:golden_leggings":8,"minecraft:potato":1,"minecraft:tuff":240,"supplementaries:flax_seeds":4,"minecraft:lapis_lazuli":211,"minecraft:dirt":2251,"minecraft:polished_granite":4,"minecraft:leather_boots":3,"minecraft:bone":208,"minecraft:acacia_planks":33,"gobber2:gobber2_gooey_beef":21,"minecraft:bow":9,"minecraft:orange_tulip":2,"minecraft:wheat_seeds":111,"minecraft:raw_gold":4,"minecraft:cobbled_deepslate_slab":34,"minecraft:mossy_stone_bricks":68,"minecraft:oak_planks":10,"minecraft:mossy_stone_brick_stairs":2,"gobber2:gobber2_gooey_bread":23,"gobber2:gobber2_rod_nether":6,"minecraft:nether_brick_stairs":20,"minecraft:grass_block":334,"minecraft:spectral_arrow":13,"minecraft:mossy_cobblestone":89,"minecraft:yellow_carpet":28,"regions_unexplored:hanging_earlight_fruit":1,"minecraft:diamond":44,"minecraft:emerald":16,"gobber2:gobber2_goo":28,"minecraft:chorus_fruit":2,"minecraft:oak_sapling":5,"minecraft:netherrack":440,"minecraft:chicken":1,"minecraft:ladder":134,"minecraft:wooden_pickaxe":1,"minecraft:stone_brick_wall":9,"minecraft:gold_block":7,"minecraft:shield":5,"improvableskills:scroll_normal":4,"oresabovediamonds:amethyst":24,"minecraft:lectern":2,"regions_unexplored:redwood_planks":1,"minecraft:sugar_cane":3,"minecraft:raw_iron":24,"iceandfire:dragonbone":5,"minecraft:copper_ingot":2,"regions_unexplored:blue_lupine":3,"gobber2:gobber2_globette_nether":173,"iceandfire:silver_ingot":4,"minecraft:arrow":121,"minecraft:nether_bricks":13,"minecraft:pink_tulip":1,"minecraft:basalt":10,"gobber2:gobber2_gooey_beefstew":5,"minecraft:leather":9,"minecraft:chainmail_chestplate":2,"iceandfire:ectoplasm":2,"minecraft:gunpowder":46,"regions_unexplored:tassel":1,"minecraft:red_carpet":4,"minecraft:cooked_chicken":4,"artifacts:kitty_slippers":2,"mowziesmobs:umvuthana_mask_misery":1,"minecraft:book":65,"minecraft:emerald_block":4,"minecraft:chiseled_stone_bricks":5,"minecraft:quartz":202,"minecraft:spider_eye":20,"minecraft:music_disc_mall":2,"minecraft:chainmail_leggings":1,"minecraft:iron_helmet":4,"minecraft:mossy_cobblestone_stairs":9,"minecraft:coal":84},"minecraft:custom":{"minecraft:interact_with_crafting_table":111,"minecraft:open_barrel":13,"minecraft:eat_cake_slice":5,"minecraft:leave_game":8,"minecraft:time_since_death":87613,"minecraft:damage_blocked_by_shield":10446,"minecraft:play_time":1525719,"minecraft:deaths":61,"minecraft:jump":13426,"minecraft:enchant_item":5,"minecraft:interact_with_furnace":36,"minecraft:play_record":5,"minecraft:traded_with_villager":2,"minecraft:sleep_in_bed":36,"minecraft:damage_dealt":157073,"minecraft:inspect_dispenser":15,"minecraft:horse_one_cm":99671,"minecraft:interact_with_anvil":1,"minecraft:inspect_hopper":7,"minecraft:damage_dealt_absorbed":160,"minecraft:sneak_time":73713,"minecraft:interact_with_lectern":23,"minecraft:total_world_time":1525719,"minecraft:time_since_rest":9569,"minecraft:swim_one_cm":224920,"minecraft:fly_one_cm":2307248,"minecraft:open_chest":647,"minecraft:fall_one_cm":233991,"minecraft:damage_resisted":39,"minecraft:sprint_one_cm":1879433,"minecraft:drop":443,"minecraft:talked_to_villager":4,"minecraft:interact_with_brewingstand":4,"minecraft:walk_on_water_one_cm":81167,"minecraft:interact_with_loom":1,"minecraft:open_enderchest":2,"minecraft:player_kills":3,"minecraft:crouch_one_cm":241467,"minecraft:mob_kills":1218,"minecraft:damage_dealt_resisted":771,"minecraft:climb_one_cm":88687,"minecraft:walk_one_cm":4319905,"minecraft:walk_under_water_one_cm":47824,"minecraft:interact_with_grindstone":3,"minecraft:damage_taken":32148,"minecraft:damage_absorbed":288,"minecraft:trigger_trapped_chest":4},"minecraft:broken":{"minecraft:diamond_helmet":1,"minecraft:iron_boots":1,"minecraft:iron_chestplate":1,"minecraft:diamond_leggings":1,"minecraft:iron_axe":1,"minecraft:iron_pickaxe":1,"iceandfire:silver_axe":1,"mowziesmobs:umvuthana_mask_fear":1,"minecraft:diamond_boots":1,"minecraft:stone_axe":1,"minecraft:golden_chestplate":1,"minecraft:diamond_chestplate":1},"minecraft:crafted":{"minecraft:blaze_powder":10,"minecraft:quartz_block":32,"minecraft:diamond_helmet":1,"minecraft:diamond_leggings":1,"iceandfire:silver_axe":1,"minecraft:emerald":36,"gobber2:gobber2_ingot":33,"gobber2:gobber2_glob_nether":19,"gobber2:gobber2_hammer":1,"gobber2:gobber2_bow_nether":1,"gobber2:gobber2_rod":4,"regions_unexplored:magnolia_stairs":100,"minecraft:stone_slab":6,"gobber2:gobber2_hammer_nether":2,"minecraft:iron_block":3,"minecraft:gold_ingot":95,"minecraft:bone_meal":885,"gobber2:gobber2_glob":11,"gobber2:gobber2_rod_nether":6,"minecraft:stone_pickaxe":1,"minecraft:diamond_boots":1,"regions_unexplored:magnolia_planks":248,"minecraft:oak_fence_gate":2,"iceandfire:silver_pickaxe":1,"neapolitan:magic_beans":1,"minecraft:grindstone":1,"minecraft:oak_planks":20,"neapolitan:adzuki_beans":1,"minecraft:stone":3,"minecraft:hopper":1,"improvableskills:skills_book":1,"minecraft:chest":15,"minecraft:ender_eye":10,"gobber2:gobber2_ingot_nether":24,"minecraft:crafting_table":3,"minecraft:wooden_pickaxe":1,"gobber2:gobber2_excavator_nether":1,"minecraft:birch_planks":20,"minecraft:stick":28,"minecraft:iron_ingot":42,"minecraft:stone_sword":2,"minecraft:wooden_sword":2,"minecraft:cobbled_deepslate_slab":252,"minecraft:oak_door":3,"minecraft:coal":128,"regions_unexplored:magnolia_slab":6,"regions_unexplored:magnolia_trapdoor":6,"minecraft:netherite_scrap":8,"oresabovediamonds:amethyst_axe":1,"gobber2:gobber2_sword":2,"minecraft:diamond_sword":3,"iceandfire:silver_ingot":2,"elevatorid:elevator_red":2,"minecraft:bucket":5,"minecraft:stone_axe":2,"minecraft:air":0,"regions_unexplored:redwood_planks":64,"oresabovediamonds:amethyst_chestplate":1,"minecraft:anvil":1,"minecraft:acacia_planks":24,"minecraft:torch":144,"minecraft:diamond_chestplate":1},"minecraft:killed":{"minecraft:cave_spider":20,"minecraft:skeleton":403,"minecraft:chicken":2,"minecraft:skeleton_horse":1,"iceandfire:cockatrice":2,"minecraft:pillager":13,"minecraft:zombie":184,"minecraft:cow":6,"minecraft:evoker":4,"minecraft:vindicator":3,"minecraft:horse":3,"iceandfire:ghost":7,"minecraft:enderman":9,"minecraft:zombified_piglin":1,"minecraft:witch":6,"minecraft:spider":56,"minecraft:silverfish":19,"minecraft:illusioner":2,"minecraft:piglin_brute":8,"alexsmobs:kangaroo":1,"minecraft:piglin":17,"minecraft:pig":1,"alexsmobs:grizzly_bear":1,"minecraft:zombie_villager":4,"minecraft:creeper":179,"minecraft:sheep":5,"minecraft:stray":190,"alexsmobs:fly":11,"minecraft:blaze":2,"minecraft:vex":10,"mowziesmobs:umvuthana":6,"minecraft:hoglin":3,"alexsmobs:cockroach":1,"minecraft:wither_skeleton":15},"minecraft:used":{"alexsmobs:emu_egg":5,"minecraft:polished_granite_stairs":3,"minecraft:ladder":131,"minecraft:chest":14,"minecraft:rotten_flesh":20,"gobber2:gobber2_goo_nether":14,"minecraft:lava_bucket":2,"minecraft:red_wool":17,"minecraft:grass_block":223,"minecraft:music_disc_ward":4,"minecraft:quartz_block":3,"iceandfire:ghost_chest":2,"gobber2:gobber2_hammer":625,"minecraft:bow":4,"supplementaries:bamboo_spikes_tipped":1,"minecraft:egg":10,"minecraft:potato":10,"minecraft:chorus_fruit":2,"minecraft:wooden_pickaxe":14,"minecraft:golden_apple":12,"iceandfire:silver_pickaxe":233,"gobber2:gobber2_gooey_beefstew":1,"minecraft:lectern":1,"minecraft:polished_granite":4,"minecraft:enchanting_table":3,"minecraft:iron_bars":3,"minecraft:stone_sword":154,"minecraft:acacia_log":25,"minecraft:netherrack":10,"minecraft:orange_bed":11,"minecraft:torch":240,"minecraft:anvil":1,"regions_unexplored:magnolia_sapling":432,"regions_unexplored:magnolia_log":22,"minecraft:oak_fence_gate":2,"regions_unexplored:hyssop":3,"minecraft:mossy_cobblestone_stairs":4,"supplementaries:globe_sepia":1,"minecraft:iron_axe":266,"elevatorid:elevator_red":2,"minecraft:beef":11,"minecraft:acacia_planks":45,"minecraft:cobbled_deepslate":1599,"minecraft:calcite":3,"minecraft:water_bucket":19,"neapolitan:adzuki_beans":3,"minecraft:leather_boots":1,"iceandfire:dragon_skull_lightning":1,"minecraft:cracked_stone_bricks":3,"minecraft:mossy_cobblestone":23,"minecraft:crafting_table":6,"supplementaries:bomb":4,"regions_unexplored:magnolia_shrub":2,"minecraft:ender_eye":22,"minecraft:diamond_shovel":16,"regions_unexplored:white_magnolia_sapling":311,"minecraft:iron_pickaxe":575,"minecraft:suspicious_stew":1,"regions_unexplored:white_magnolia_shrub":2,"minecraft:cobblestone":261,"minecraft:potion":6,"minecraft:cooked_porkchop":5,"minecraft:porkchop":2,"regions_unexplored:magnolia_stairs":68,"gobber2:gobber2_excavator_nether":599,"gobber2:gobber2_gooey_beef_nether":13,"gobber2:gobber2_goo":28,"minecraft:iron_shovel":8,"gobber2:gobber2_gooey_bread":5,"minecraft:shield":215,"regions_unexplored:salmonberry":5,"oresabovediamonds:amethyst_axe":2200,"minecraft:iron_chestplate":1,"minecraft:mutton":7,"minecraft:nether_bricks":3,"minecraft:carrot":23,"minecraft:obsidian":28,"regions_unexplored:purple_lupine":1,"gobber2:gobber2_bow_nether":4,"neapolitan:vanilla_fudge":6,"regions_unexplored:aster":2,"minecraft:stone_bricks":18,"minecraft:stone_pickaxe":37,"minecraft:diamond_axe":1,"regions_unexplored:tassel":1,"iceandfire:silver_axe":436,"minecraft:stone_brick_wall":1,"gobber2:gobber2_gooey_bread_nether":17,"regions_unexplored:fireweed":3,"minecraft:music_disc_mall":1,"minecraft:bread":6,"minecraft:grindstone":1,"minecraft:andesite":18,"minecraft:bone_meal":869,"minecraft:experience_bottle":16,"minecraft:cobweb":1,"minecraft:cooked_chicken":5,"minecraft:oak_door":1,"minecraft:dirt":1476,"minecraft:hopper":1,"minecraft:spruce_stairs":1,"minecraft:diamond_helmet":1,"minecraft:bee_nest":16,"neapolitan:strawberry_scones":4,"minecraft:bookshelf":20,"gobber2:gobber2_gooey_beef":24,"gobber2:gobber2_sword":1972,"minecraft:cooked_beef":10,"minecraft:cooked_mutton":4,"minecraft:amethyst_block":3,"minecraft:baked_potato":3,"gobber2:gobber2_hammer_nether":3027,"regions_unexplored:pink_magnolia_sapling":428,"regions_unexplored:magnolia_planks":14,"minecraft:apple":1,"minecraft:chicken":1,"gobber2:gobber2_gooey_beefstew_nether":11,"minecraft:golden_leggings":2,"regions_unexplored:magnolia_trapdoor":8,"minecraft:stone_axe":159,"minecraft:cobbled_deepslate_slab":240,"minecraft:white_banner":1,"minecraft:bucket":22,"alexsmobs:animal_dictionary":1,"minecraft:purple_carpet":1,"minecraft:chainmail_leggings":2},"minecraft:killed_by":{"minecraft:piglin_brute":2,"minecraft:vindicator":6,"minecraft:zombie":5,"alexsmobs:grizzly_bear":2,"minecraft:vex":16,"minecraft:stray":1,"minecraft:wither_skeleton":1,"minecraft:cave_spider":4,"minecraft:blaze":2,"minecraft:illusioner":4,"minecraft:player":3,"minecraft:enderman":1,"minecraft:skeleton":9,"iceandfire:lightning_dragon":4}},"DataVersion":3465}