{"stats":{"minecraft:killed_by":{"minecraft:piglin_brute":5,"minecraft:creeper":4,"iceandfire:sea_serpent":1,"minecraft:vindicator":6,"minecraft:cave_spider":1,"minecraft:blaze":4,"minecraft:zombie":7,"minecraft:vex":8,"minecraft:illusioner":1,"minecraft:player":3,"minecraft:stray":1,"bosses_of_mass_destruction:void_blossom":2,"iceandfire:hydra":1,"iceandfire:dread_knight":1,"minecraft:skeleton":2},"minecraft:custom":{"minecraft:animals_bred":1,"minecraft:interact_with_crafting_table":58,"minecraft:open_barrel":13,"minecraft:bell_ring":1,"minecraft:leave_game":10,"minecraft:time_since_death":21166,"minecraft:damage_resisted":95,"minecraft:sprint_one_cm":3599497,"minecraft:damage_blocked_by_shield":10753,"minecraft:drop":414,"minecraft:talked_to_villager":27,"minecraft:play_time":1362554,"minecraft:deaths":54,"minecraft:jump":10077,"minecraft:interact_with_brewingstand":1,"minecraft:walk_on_water_one_cm":173928,"minecraft:enchant_item":1,"minecraft:interact_with_furnace":41,"minecraft:play_record":1,"minecraft:traded_with_villager":5,"minecraft:interact_with_cartography_table":1,"minecraft:sleep_in_bed":41,"minecraft:open_enderchest":1,"minecraft:damage_dealt":73072,"minecraft:player_kills":3,"minecraft:crouch_one_cm":129124,"minecraft:interact_with_smoker":5,"minecraft:inspect_dispenser":8,"minecraft:horse_one_cm":68810,"minecraft:interact_with_anvil":5,"minecraft:mob_kills":761,"minecraft:inspect_hopper":29,"minecraft:damage_dealt_resisted":579,"minecraft:climb_one_cm":71690,"minecraft:walk_one_cm":4267177,"minecraft:damage_dealt_absorbed":80,"minecraft:sneak_time":44104,"minecraft:walk_under_water_one_cm":84430,"minecraft:boat_one_cm":151377,"minecraft:interact_with_lectern":5,"minecraft:total_world_time":1362554,"minecraft:interact_with_grindstone":1,"minecraft:time_since_rest":2436,"minecraft:damage_taken":22959,"minecraft:trigger_trapped_chest":1,"minecraft:swim_one_cm":264036,"minecraft:fly_one_cm":1488956,"minecraft:open_chest":922,"minecraft:fall_one_cm":810697},"minecraft:mined":{"regions_unexplored:willow_shrub":2,"minecraft:stone_pressure_plate":1,"regions_unexplored:blue_lupine":3,"iceandfire:copper_pile":1,"regions_unexplored:magnolia_log":416,"regions_unexplored:bleeding_heart":4,"minecraft:acacia_log":3,"minecraft:grass_block":13,"gobber2:gobber2_ore_deepslate":13,"gobber2:gobber2_lucky_block":6,"regions_unexplored:elephant_ear":2,"regions_unexplored:white_trillium":1,"minecraft:hopper":1,"bosses_of_mass_destruction:void_lily":1,"minecraft:gilded_blackstone":6,"minecraft:spawner":2,"regions_unexplored:magnolia_sapling":23,"minecraft:polished_blackstone_bricks":2,"regions_unexplored:magnolia_trapdoor":3,"minecraft:iron_ore":7,"minecraft:cobbled_deepslate":20,"minecraft:fire":57,"regions_unexplored:purple_lupine":8,"regions_unexplored:redwood_planks":4,"minecraft:black_carpet":3,"minecraft:anvil":1,"minecraft:deepslate_lapis_ore":1,"minecraft:iron_bars":5,"minecraft:purple_carpet":2,"minecraft:orange_bed":10,"minecraft:deepslate_redstone_ore":8,"regions_unexplored:willow_log":84,"regions_unexplored:white_magnolia_sapling":12,"regions_unexplored:spanish_moss_plant":1,"minecraft:blackstone":3,"minecraft:twisting_vines_plant":1,"minecraft:torch":30,"regions_unexplored:mycotoxic_daisy":3,"minecraft:calcite":7,"minecraft:oxidized_copper":1,"iceandfire:ghost_chest":1,"gobber2:gobber2_lucky_block_nether":31,"minecraft:chest":3,"regions_unexplored:pink_magnolia_sapling":12,"iceandfire:fire_lily":3,"minecraft:nether_quartz_ore":96,"minecraft:cobblestone":14,"minecraft:grindstone":2,"minecraft:oak_planks":1,"minecraft:bricks":14,"regions_unexplored:tsubaki":2,"minecraft:wall_torch":7,"minecraft:amethyst_block":4,"regions_unexplored:pine_log":77,"oresabovediamonds:deepslate_amethyst_ore":2,"regions_unexplored:hyssop":5,"regions_unexplored:spanish_moss":5,"regions_unexplored:sandy_tall_grass":3,"minecraft:birch_log":13,"minecraft:wheat":1,"minecraft:grass":90,"regions_unexplored:oak_shrub":1,"minecraft:oak_log":18,"minecraft:sand":1,"minecraft:dirt":84,"regions_unexplored:clover":20,"minecraft:smooth_basalt":4,"minecraft:ancient_debris":1,"minecraft:netherrack":37,"regions_unexplored:mycotoxic_grass":1,"minecraft:deepslate":1662,"iceandfire:lightning_lily":5,"minecraft:nether_gold_ore":5,"minecraft:tuff":130,"minecraft:mossy_cobblestone":1,"minecraft:deepslate_diamond_ore":14,"regions_unexplored:cypress_leaves":1,"regions_unexplored:pink_lupine":3,"minecraft:cobbled_deepslate_slab":1,"minecraft:glow_lichen":1,"minecraft:ladder":1,"regions_unexplored:aster":3,"minecraft:spruce_leaves":6,"regions_unexplored:pine_planks":1,"regions_unexplored:magnolia_slab":1,"minecraft:large_fern":1,"supplementaries:bamboo_spikes":1,"minecraft:andesite":65,"regions_unexplored:frozen_grass":3,"minecraft:bookshelf":8,"minecraft:deepslate_iron_ore":17,"minecraft:vine":53,"regions_unexplored:medium_grass":27,"iceandfire:frost_lily":7,"regions_unexplored:small_oak_log":7,"minecraft:stone":644,"regions_unexplored:redwood_log":3,"regions_unexplored:day_lily":5,"minecraft:acacia_leaves":1,"minecraft:red_wool":4,"regions_unexplored:mycotoxic_moss":1,"minecraft:crafting_table":13,"regions_unexplored:pink_magnolia_leaves":4,"minecraft:tall_grass":83,"minecraft:deepslate_gold_ore":8,"minecraft:diorite":3,"supplementaries:urn":11,"regions_unexplored:yellow_bioshroom_planks":5,"minecraft:spruce_stairs":1,"minecraft:birch_planks":1,"minecraft:sweet_berry_bush":2,"regions_unexplored:redwood_leaves":1,"gobber2:gobber2_lucky_block_deepslate":3,"regions_unexplored:sandy_grass":10,"regions_unexplored:magnolia_shrub":2,"minecraft:coal_ore":118,"minecraft:gravel":73,"minecraft:stone_bricks":10,"minecraft:mossy_stone_bricks":2,"minecraft:fern":3,"regions_unexplored:magnolia_planks":2,"regions_unexplored:tassel":1},"minecraft:dropped":{"minecraft:diamond_axe":1,"minecraft:lapis_lazuli":64,"minecraft:cooked_beef":1,"minecraft:diamond":29,"gobber2:gobber2_gooey_beefstew_nether":13,"minecraft:glass_bottle":3,"gobber2:gobber2_sword":3,"bosses_of_mass_destruction:crystal_fruit":1,"regions_unexplored:magnolia_trapdoor":8,"minecraft:warped_hyphae":2,"minecraft:cracked_stone_bricks":3,"minecraft:mossy_stone_brick_stairs":1,"artifacts:night_vision_goggles":1,"minecraft:dirt":5,"minecraft:cracked_polished_blackstone_bricks":3,"backpacked:backpack":1,"bosses_of_mass_destruction:void_lily":2,"iceandfire:dread_stone_bricks":2,"neapolitan:strawberries":1,"minecraft:polished_blackstone_bricks":5,"gobber2:gobber2_goo":7,"minecraft:iron_pickaxe":1,"gobber2:gobber2_gooey_bread":7,"minecraft:gold_ingot":14,"minecraft:bone":57,"minecraft:gravel":10,"minecraft:sugar_cane":3,"minecraft:blackstone":102,"minecraft:cooked_chicken":1,"minecraft:cobbled_deepslate":1441,"alexsmobs:crocodile_egg":1,"minecraft:birch_sapling":2,"minecraft:obsidian":10,"minecraft:rotten_flesh":16,"artifacts:villager_hat":1,"gobber2:gobber2_gooey_beefstew":1,"bosses_of_mass_destruction:soul_star":6,"minecraft:rabbit_hide":1,"supplementaries:flax_seeds":1,"supplementaries:ash":2,"iceandfire:ghost_chest":2,"minecraft:gunpowder":416,"gobber2:gobber2_chestplate":1,"minecraft:leather_boots":1,"minecraft:ladder":132,"improvableskills:scroll_normal":2,"gobber2:gobber2_helmet":1,"minecraft:arrow":1,"minecraft:warped_wart_block":10,"neapolitan:vanilla_fudge":6,"minecraft:netherrack":5,"mowziesmobs:umvuthana_mask_fury":1,"minecraft:iron_ingot":24,"minecraft:bread":3,"minecraft:wheat_seeds":77,"minecraft:mossy_cobblestone":4,"minecraft:iron_helmet":1,"minecraft:cobblestone":681,"minecraft:amethyst_block":4,"minecraft:granite":152,"minecraft:diorite":38,"minecraft:torch":167,"minecraft:potion":1,"minecraft:mossy_cobblestone_stairs":2,"minecraft:granite_stairs":5,"minecraft:orange_bed":2,"minecraft:chainmail_leggings":2,"minecraft:string":7,"artifacts:bunny_hoppers":3,"minecraft:smooth_basalt":23,"minecraft:moss_carpet":1,"alexsmobs:crocodile_scute":1,"gobber2:gobber2_leggings":1,"minecraft:soul_torch":1,"minecraft:raw_copper":64,"oresabovediamonds:amethyst_axe":1,"gobber2:gobber2_boots":1,"minecraft:tuff":239,"minecraft:raw_iron":8,"iceandfire:witherbone":4,"minecraft:stone_shovel":1,"minecraft:iron_boots":1,"minecraft:nether_bricks":34,"gobber2:gobber2_globette":8,"supplementaries:quiver":1,"minecraft:shield":2,"mowziesmobs:umvuthana_mask_misery":1,"minecraft:andesite":7,"minecraft:mossy_stone_bricks":13,"minecraft:golden_leggings":1,"minecraft:spider_eye":5,"minecraft:bow":7,"gobber2:gobber2_hammer":1,"minecraft:stone_pickaxe":1,"minecraft:calcite":3},"minecraft:used":{"regions_unexplored:pine_planks":1,"regions_unexplored:pink_lupine":6,"neapolitan:strawberries":12,"minecraft:moss_carpet":1,"gobber2:gobber2_goo":1,"minecraft:ladder":8,"minecraft:black_carpet":12,"gobber2:gobber2_gooey_bread":34,"minecraft:chest":24,"minecraft:shield":228,"minecraft:iron_sword":1,"regions_unexplored:salmonberry":2,"minecraft:rotten_flesh":99,"regions_unexplored:red_lupine":1,"minecraft:nether_bricks":4,"minecraft:carrot":6,"minecraft:tuff":22,"minecraft:milk_bucket":2,"regions_unexplored:purple_lupine":9,"minecraft:lava_bucket":3,"minecraft:bricks":23,"iceandfire:lightning_lily":5,"minecraft:red_wool":3,"minecraft:grass_block":109,"minecraft:birch_sapling":1,"gobber2:gobber2_bow_nether":263,"neapolitan:vanilla_fudge":5,"regions_unexplored:aster":2,"gobber2:gobber2_hammer":1863,"minecraft:stone_bricks":78,"minecraft:red_carpet":3,"minecraft:bow":8,"minecraft:oak_sapling":4,"minecraft:furnace":1,"minecraft:egg":11,"minecraft:mossy_stone_bricks":1,"minecraft:stone_pickaxe":250,"minecraft:oak_planks":9,"minecraft:wooden_pickaxe":10,"minecraft:sugar_cane":2,"minecraft:diamond_axe":632,"minecraft:white_wool":2,"regions_unexplored:redwood_planks":249,"minecraft:sand":1,"minecraft:crossbow":12,"minecraft:shears":1,"iceandfire:silver_pickaxe":460,"regions_unexplored:redwood_log":3,"gobber2:gobber2_gooey_beefstew":5,"regions_unexplored:magnolia_slab":7,"minecraft:music_disc_mall":1,"minecraft:bread":30,"minecraft:lectern":1,"minecraft:gravel":24,"minecraft:grindstone":2,"iceandfire:fire_lily":3,"minecraft:bone_meal":1856,"regions_unexplored:magnolia_pressure_plate":1,"regions_unexplored:magnolia_boat":1,"minecraft:iron_bars":4,"minecraft:stone_sword":5,"minecraft:flint_and_steel":1,"minecraft:stone_shovel":97,"minecraft:netherrack":19,"minecraft:orange_bed":10,"minecraft:torch":773,"minecraft:dirt":309,"minecraft:anvil":1,"regions_unexplored:magnolia_sapling":62,"minecraft:hopper":6,"minecraft:spruce_stairs":2,"regions_unexplored:clover":141,"minecraft:bee_nest":1,"regions_unexplored:magnolia_log":114,"minecraft:wooden_axe":1,"alexsmobs:maggot":15,"neapolitan:strawberry_scones":9,"minecraft:iron_axe":19,"regions_unexplored:day_lily":4,"gobber2:gobber2_gooey_beef":6,"minecraft:golden_carrot":22,"gobber2:gobber2_sword":979,"minecraft:cooked_beef":3,"minecraft:cobbled_deepslate":99,"regions_unexplored:blue_lupine":6,"minecraft:cooked_mutton":2,"minecraft:water_bucket":13,"minecraft:rabbit":3,"minecraft:birch_planks":1,"minecraft:baked_potato":21,"iceandfire:dragon_skull_lightning":2,"minecraft:cracked_stone_bricks":10,"regions_unexplored:pink_magnolia_sapling":80,"regions_unexplored:tsubaki":2,"minecraft:crafting_table":15,"regions_unexplored:magnolia_shrub":1,"regions_unexplored:magnolia_planks":19,"bosses_of_mass_destruction:soul_star":2,"minecraft:oak_log":6,"minecraft:diamond_pickaxe":466,"minecraft:apple":5,"regions_unexplored:white_magnolia_sapling":95,"gobber2:gobber2_gooey_beefstew_nether":2,"regions_unexplored:magnolia_trapdoor":7,"regions_unexplored:yellow_bioshroom_planks":32,"minecraft:stone_axe":227,"minecraft:cobblestone":109,"minecraft:cobbled_deepslate_slab":2,"minecraft:white_banner":2,"minecraft:cooked_porkchop":16,"minecraft:bucket":17,"alexsmobs:animal_dictionary":2,"minecraft:purple_carpet":1},"minecraft:broken":{"minecraft:diamond_helmet":1,"iceandfire:silver_pickaxe":1,"minecraft:chainmail_boots":1,"minecraft:stone_pickaxe":2,"minecraft:diamond_boots":1,"minecraft:stone_axe":2,"minecraft:leather_helmet":1,"minecraft:stone_sword":1,"minecraft:shield":3},"minecraft:killed":{"minecraft:cave_spider":5,"minecraft:witch":1,"minecraft:spider":13,"iceandfire:stymphalian_bird":2,"minecraft:skeleton":286,"minecraft:silverfish":14,"minecraft:illusioner":1,"minecraft:piglin_brute":1,"artifacts:mimic":1,"minecraft:magma_cube":17,"minecraft:piglin":4,"minecraft:pig":1,"minecraft:creeper":120,"minecraft:sheep":3,"minecraft:pillager":10,"minecraft:zombie":57,"minecraft:stray":166,"alexsmobs:fly":3,"minecraft:evoker":1,"alexsmobs:raccoon":1,"minecraft:vindicator":3,"alexsmobs:seagull":1,"iceandfire:dread_beast":4,"iceandfire:dread_thrall":12,"mowziesmobs:ferrous_wroughtnaut":1,"alexsmobs:flying_fish":1,"mowziesmobs:umvuthana":5,"mowziesmobs:grottol":1,"iceandfire:cyclops":1,"minecraft:rabbit":4,"bosses_of_mass_destruction:void_blossom":1,"minecraft:hoglin":2,"alexsmobs:cockroach":1,"iceandfire:ghost":2,"minecraft:wither_skeleton":8},"minecraft:picked_up":{"iceandfire:dread_stone_bricks":2,"minecraft:iron_chestplate":11,"minecraft:black_carpet":12,"minecraft:chainmail_boots":4,"minecraft:anvil":2,"regions_unexplored:magnolia_log":701,"artifacts:bunny_hoppers":4,"minecraft:potion":8,"minecraft:stone_brick_stairs":6,"regions_unexplored:magnolia_shrub":2,"minecraft:golden_sword":1,"minecraft:amethyst_block":40,"minecraft:string":39,"minecraft:raw_copper":198,"minecraft:iron_leggings":17,"gobber2:gobber2_glass_nether":7,"regions_unexplored:cypress_leaves":1,"minecraft:diamond_leggings":2,"minecraft:gold_nugget":66,"regions_unexplored:pine_log":75,"minecraft:cobbled_deepslate":2451,"bosses_of_mass_destruction:soul_star":8,"iceandfire:frost_lily":7,"regions_unexplored:spanish_moss":1,"minecraft:calcite":47,"minecraft:azalea":1,"minecraft:smooth_quartz_stairs":1,"minecraft:iron_boots":32,"regions_unexplored:redwood_log":96,"minecraft:tipped_arrow":2,"minecraft:golden_helmet":6,"minecraft:stick":338,"iceandfire:ghost_chest":2,"regions_unexplored:yellow_bioshroom_planks":5,"regions_unexplored:elephant_ear":2,"minecraft:torch":101,"minecraft:acacia_log":4,"supplementaries:bamboo_spikes_tipped":1,"minecraft:spruce_stairs":2,"minecraft:porkchop":5,"iceandfire:rotten_egg":2,"minecraft:diorite":102,"oresabovediamonds:black_opal":1,"minecraft:golden_chestplate":2,"iceandfire:lightning_lily":5,"regions_unexplored:pink_magnolia_sapling":87,"gobber2:gobber2_foo":14,"minecraft:orange_bed":12,"minecraft:quartz_block":5,"minecraft:stone_sword":1,"regions_unexplored:magnolia_pressure_plate":1,"minecraft:rotten_flesh":91,"regions_unexplored:tsubaki":2,"regions_unexplored:blue_magnolia_sapling":8,"minecraft:polished_basalt":1,"alexsmobs:emu_egg":3,"minecraft:bookshelf":1,"supplementaries:ash":35,"supplementaries:quiver":2,"minecraft:music_disc_wait":1,"minecraft:blaze_rod":1,"alexsmobs:flying_fish":1,"minecraft:obsidian":20,"regions_unexplored:magnolia_sapling":79,"minecraft:iron_bars":11,"minecraft:cobblestone":1790,"minecraft:birch_log":15,"minecraft:leather_chestplate":12,"minecraft:oxidized_copper":2,"minecraft:feather":9,"minecraft:cooked_beef":1,"minecraft:magma_cream":1,"minecraft:iron_door":1,"minecraft:andesite":75,"minecraft:golden_leggings":12,"minecraft:potato":1,"minecraft:flint":6,"minecraft:tuff":250,"supplementaries:flax_seeds":1,"gobber2:gobber2_gooey_bread_nether":5,"minecraft:dirt":405,"gobber2:gobber2_helmet":1,"minecraft:polished_granite":3,"gobber2:gobber2_bow_nether":1,"minecraft:purple_carpet":1,"minecraft:twisting_vines":1,"minecraft:leather_boots":8,"minecraft:bone":500,"minecraft:wheat_seeds":186,"minecraft:bow":43,"minecraft:warped_hyphae":2,"gobber2:gobber2_gooey_beef":9,"regions_unexplored:magnolia_planks":38,"minecraft:raw_gold":80,"minecraft:cobbled_deepslate_slab":6,"bosses_of_mass_destruction:void_lily":2,"minecraft:grindstone":2,"gobber2:gobber2_globette":126,"minecraft:rabbit":9,"minecraft:mossy_stone_bricks":86,"regions_unexplored:yellow_bioshroom_stem":8,"minecraft:moss_block":2,"minecraft:oak_planks":1,"minecraft:mossy_stone_brick_stairs":5,"gobber2:gobber2_gooey_bread":19,"gobber2:gobber2_rod_nether":9,"regions_unexplored:mycotoxic_mushrooms":2,"bosses_of_mass_destruction:crystal_fruit":2,"minecraft:music_disc_13":1,"regions_unexplored:salmonberry":2,"regions_unexplored:pine_sapling":16,"minecraft:warped_wart_block":10,"alexsmobs:crocodile_egg":1,"regions_unexplored:pine_planks":1,"gobber2:gobber2_chestplate":1,"minecraft:sand":1,"iceandfire:stymphalian_bird_feather":18,"minecraft:nether_brick_stairs":1,"minecraft:grass_block":109,"regions_unexplored:pink_lupine":7,"minecraft:mossy_cobblestone":4,"neapolitan:strawberries":1,"regions_unexplored:hyssop":2,"minecraft:sugar":1,"minecraft:diamond":78,"regions_unexplored:willow_shrub":2,"regions_unexplored:magnolia_boat":2,"regions_unexplored:clover":160,"minecraft:cracked_polished_blackstone_bricks":3,"regions_unexplored:willow_log":77,"minecraft:granite":177,"regions_unexplored:magnolia_trapdoor":8,"gobber2:gobber2_sword":3,"minecraft:chainmail_helmet":6,"minecraft:emerald":9,"minecraft:bread":1,"alexsmobs:maggot":15,"minecraft:oak_sapling":12,"minecraft:netherrack":86,"minecraft:bricks":14,"gobber2:gobber2_goo":6,"iceandfire:raw_silver":11,"minecraft:diamond_pickaxe":1,"iceandfire:dragon_skull_lightning":2,"minecraft:crafting_table":13,"minecraft:bee_nest":1,"regions_unexplored:mycotoxic_grass":1,"iceandfire:fire_lily":3,"iceandfire:witherbone":6,"minecraft:ladder":5,"minecraft:leather_leggings":12,"minecraft:golden_pickaxe":1,"minecraft:wooden_pickaxe":1,"regions_unexplored:mycotoxic_daisy":4,"minecraft:chain":1,"minecraft:shield":16,"minecraft:moss_carpet":2,"minecraft:iron_axe":1,"minecraft:wooden_sword":1,"minecraft:item_frame":1,"minecraft:blackstone":102,"minecraft:cracked_stone_bricks":25,"improvableskills:scroll_normal":10,"minecraft:beef":3,"oresabovediamonds:amethyst":8,"iceandfire:dread_shard":14,"minecraft:iron_nugget":48,"minecraft:lectern":1,"regions_unexplored:redwood_planks":6,"minecraft:sugar_cane":8,"minecraft:chest":3,"minecraft:birch_sapling":5,"regions_unexplored:bleeding_heart":5,"minecraft:egg":10,"minecraft:raw_iron":53,"regions_unexplored:day_lily":5,"iceandfire:dragonbone":1,"regions_unexplored:silver_birch_leaf_pile":5,"regions_unexplored:blue_lupine":8,"minecraft:polished_blackstone_bricks":5,"minecraft:redstone":98,"alexsmobs:crocodile_scute":1,"minecraft:arrow":229,"minecraft:stone_shovel":1,"minecraft:nether_bricks":38,"gobber2:gobber2_gooey_beef_nether":3,"minecraft:totem_of_undying":1,"regions_unexplored:purple_lupine":11,"minecraft:brick_stairs":14,"minecraft:mutton":6,"minecraft:white_wool":8,"mowziesmobs:umvuthana_mask_fury":1,"minecraft:air":126,"minecraft:basalt":4,"gobber2:gobber2_gooey_beefstew":7,"minecraft:leather":15,"minecraft:birch_planks":1,"minecraft:granite_stairs":5,"minecraft:oak_log":22,"minecraft:chainmail_chestplate":3,"minecraft:ancient_debris":1,"regions_unexplored:red_lupine":1,"iceandfire:ectoplasm":1,"minecraft:golden_boots":4,"minecraft:gunpowder":214,"mowziesmobs:wrought_axe":1,"regions_unexplored:tassel":1,"minecraft:white_banner":3,"regions_unexplored:aster":3,"minecraft:red_carpet":3,"minecraft:stone_bricks":38,"regions_unexplored:magnolia_slab":8,"minecraft:rabbit_hide":11,"minecraft:iron_ingot":10,"minecraft:stone_pickaxe":1,"minecraft:cooked_chicken":1,"neapolitan:strawberry_scones":1,"gobber2:gobber2_gooey_beefstew_nether":9,"minecraft:glass_bottle":3,"minecraft:iron_sword":1,"mowziesmobs:umvuthana_mask_misery":1,"regions_unexplored:yellow_bioshroom":5,"minecraft:soul_sand":1,"regions_unexplored:silver_birch_sapling":3,"gobber2:gobber2_hammer":3,"minecraft:book":21,"iceandfire:copper_nugget":16,"minecraft:smooth_basalt":23,"minecraft:sweet_berries":5,"regions_unexplored:white_magnolia_sapling":110,"regions_unexplored:willow_sapling":16,"minecraft:chiseled_stone_bricks":4,"minecraft:red_wool":3,"minecraft:quartz":95,"regions_unexplored:oak_shrub":1,"minecraft:gravel":72,"mowziesmobs:wrought_helmet":1,"minecraft:soul_torch":1,"minecraft:spider_eye":10,"minecraft:leather_helmet":10,"minecraft:music_disc_mall":2,"minecraft:slime_ball":1,"minecraft:chainmail_leggings":6,"minecraft:iron_helmet":23,"minecraft:diamond_axe":2,"minecraft:mossy_cobblestone_stairs":3,"mowziesmobs:umvuthana_mask_fear":1,"gobber2:gobber2_goo_nether":3,"minecraft:coal":252,"minecraft:hopper":2,"regions_unexplored:small_oak_log":6,"minecraft:ender_pearl":1},"minecraft:crafted":{"minecraft:oak_planks":44,"neapolitan:adzuki_beans":2,"minecraft:cooked_mutton":4,"minecraft:quartz_block":36,"minecraft:hopper":4,"minecraft:diamond_helmet":1,"minecraft:diamond_leggings":1,"minecraft:chest":25,"regions_unexplored:willow_planks":44,"minecraft:deepslate":2,"minecraft:cooked_porkchop":20,"minecraft:diamond_axe":1,"regions_unexplored:yellow_bioshroom_planks":32,"minecraft:crafting_table":4,"minecraft:wooden_pickaxe":5,"minecraft:baked_potato":14,"minecraft:birch_planks":4,"minecraft:diamond_pickaxe":1,"minecraft:shield":4,"minecraft:stick":624,"minecraft:iron_ingot":25,"minecraft:iron_pickaxe":1,"minecraft:shears":1,"minecraft:stone_shovel":1,"minecraft:furnace":1,"minecraft:bone_meal":2063,"minecraft:flint_and_steel":1,"regions_unexplored:magnolia_trapdoor":2,"minecraft:iron_axe":1,"regions_unexplored:magnolia_pressure_plate":1,"minecraft:ladder":135,"minecraft:stone_pickaxe":2,"minecraft:diamond_boots":1,"backpacked:backpack":2,"regions_unexplored:magnolia_planks":224,"supplementaries:globe_sepia":1,"iceandfire:silver_ingot":7,"minecraft:bucket":1,"minecraft:stone_axe":2,"minecraft:bread":16,"regions_unexplored:redwood_planks":308,"regions_unexplored:pine_planks":196,"minecraft:acacia_planks":16,"minecraft:torch":920,"iceandfire:silver_pickaxe":1,"neapolitan:magic_beans":2,"minecraft:diamond_chestplate":1}},"DataVersion":3465}