{"stats":{"minecraft:dropped":{"minecraft:cooked_beef":1,"gobber2:gobber2_gooey_beefstew_nether":13,"minecraft:glass_bottle":3,"gobber2:gobber2_sword":1,"regions_unexplored:magnolia_trapdoor":8,"minecraft:warped_hyphae":2,"minecraft:mossy_stone_brick_stairs":1,"minecraft:cracked_stone_bricks":3,"minecraft:dirt":5,"minecraft:cracked_polished_blackstone_bricks":3,"backpacked:backpack":1,"neapolitan:strawberries":1,"minecraft:polished_blackstone_bricks":5,"gobber2:gobber2_goo":4,"minecraft:iron_pickaxe":1,"minecraft:bone":38,"minecraft:blackstone":91,"minecraft:cooked_chicken":1,"minecraft:cobbled_deepslate":735,"artifacts:villager_hat":1,"iceandfire:ghost_chest":2,"minecraft:gunpowder":7,"minecraft:ladder":132,"improvableskills:scroll_normal":1,"minecraft:warped_wart_block":10,"neapolitan:vanilla_fudge":6,"minecraft:netherrack":5,"mowziesmobs:umvuthana_mask_fury":1,"minecraft:bread":2,"minecraft:mossy_cobblestone":4,"minecraft:iron_helmet":1,"minecraft:cobblestone":32,"minecraft:granite":4,"minecraft:diorite":28,"minecraft:torch":166,"minecraft:potion":1,"minecraft:granite_stairs":5,"minecraft:mossy_cobblestone_stairs":2,"minecraft:orange_bed":2,"minecraft:string":6,"artifacts:bunny_hoppers":2,"minecraft:smooth_basalt":17,"minecraft:soul_torch":1,"minecraft:tuff":20,"iceandfire:witherbone":4,"minecraft:stone_shovel":1,"minecraft:nether_bricks":34,"mowziesmobs:umvuthana_mask_misery":1,"minecraft:mossy_stone_bricks":13,"minecraft:spider_eye":1,"minecraft:stone_pickaxe":1},"minecraft:mined":{"minecraft:stone_pressure_plate":1,"regions_unexplored:blue_lupine":2,"iceandfire:copper_pile":1,"regions_unexplored:magnolia_log":47,"minecraft:acacia_log":3,"minecraft:grass_block":11,"gobber2:gobber2_ore_deepslate":13,"gobber2:gobber2_lucky_block":3,"minecraft:spawner":1,"minecraft:polished_blackstone_bricks":2,"regions_unexplored:magnolia_trapdoor":1,"minecraft:iron_ore":7,"minecraft:cobbled_deepslate":15,"minecraft:fire":50,"regions_unexplored:purple_lupine":3,"regions_unexplored:redwood_planks":4,"minecraft:black_carpet":3,"minecraft:deepslate_lapis_ore":1,"minecraft:iron_bars":5,"minecraft:orange_bed":10,"minecraft:deepslate_redstone_ore":8,"regions_unexplored:white_magnolia_sapling":3,"minecraft:blackstone":3,"minecraft:twisting_vines_plant":1,"minecraft:torch":23,"regions_unexplored:mycotoxic_daisy":3,"minecraft:calcite":7,"minecraft:oxidized_copper":1,"iceandfire:ghost_chest":1,"gobber2:gobber2_lucky_block_nether":31,"regions_unexplored:pink_magnolia_sapling":5,"minecraft:nether_quartz_ore":96,"minecraft:cobblestone":11,"minecraft:oak_planks":1,"minecraft:bricks":8,"minecraft:wall_torch":5,"minecraft:amethyst_block":4,"regions_unexplored:pine_log":77,"oresabovediamonds:deepslate_amethyst_ore":2,"regions_unexplored:hyssop":4,"minecraft:birch_log":13,"minecraft:grass":20,"minecraft:oak_log":18,"minecraft:sand":1,"minecraft:dirt":81,"regions_unexplored:clover":15,"minecraft:smooth_basalt":4,"minecraft:ancient_debris":1,"minecraft:netherrack":37,"regions_unexplored:mycotoxic_grass":1,"minecraft:deepslate":1662,"minecraft:nether_gold_ore":5,"minecraft:tuff":130,"minecraft:mossy_cobblestone":1,"minecraft:deepslate_diamond_ore":14,"regions_unexplored:pink_lupine":1,"minecraft:glow_lichen":1,"minecraft:ladder":1,"regions_unexplored:aster":1,"regions_unexplored:pine_planks":1,"supplementaries:bamboo_spikes":1,"minecraft:andesite":65,"minecraft:bookshelf":2,"minecraft:deepslate_iron_ore":17,"minecraft:vine":53,"regions_unexplored:medium_grass":6,"minecraft:stone":630,"regions_unexplored:redwood_log":3,"minecraft:acacia_leaves":1,"minecraft:red_wool":4,"regions_unexplored:mycotoxic_moss":1,"minecraft:crafting_table":6,"regions_unexplored:pink_magnolia_leaves":4,"minecraft:tall_grass":10,"minecraft:deepslate_gold_ore":8,"minecraft:diorite":3,"supplementaries:urn":3,"regions_unexplored:yellow_bioshroom_planks":4,"minecraft:spruce_stairs":1,"minecraft:birch_planks":1,"regions_unexplored:redwood_leaves":1,"gobber2:gobber2_lucky_block_deepslate":3,"minecraft:coal_ore":118,"minecraft:gravel":69,"minecraft:stone_bricks":5,"minecraft:mossy_stone_bricks":2,"regions_unexplored:magnolia_planks":2,"regions_unexplored:tassel":1},"minecraft:picked_up":{"minecraft:iron_chestplate":4,"minecraft:black_carpet":12,"minecraft:chainmail_boots":2,"regions_unexplored:magnolia_log":47,"artifacts:bunny_hoppers":3,"minecraft:potion":2,"minecraft:stone_brick_stairs":5,"minecraft:golden_sword":1,"minecraft:amethyst_block":36,"minecraft:string":26,"minecraft:raw_copper":19,"minecraft:iron_leggings":4,"gobber2:gobber2_glass_nether":7,"minecraft:diamond_leggings":1,"minecraft:gold_nugget":18,"regions_unexplored:pine_log":75,"minecraft:cobbled_deepslate":1340,"bosses_of_mass_destruction:soul_star":3,"minecraft:calcite":44,"minecraft:smooth_quartz_stairs":1,"minecraft:iron_boots":6,"regions_unexplored:redwood_log":96,"minecraft:tipped_arrow":2,"minecraft:golden_helmet":2,"minecraft:stick":37,"iceandfire:ghost_chest":2,"regions_unexplored:yellow_bioshroom_planks":4,"minecraft:torch":91,"minecraft:acacia_log":4,"supplementaries:bamboo_spikes_tipped":1,"minecraft:spruce_stairs":2,"minecraft:porkchop":5,"iceandfire:rotten_egg":1,"minecraft:diorite":31,"oresabovediamonds:black_opal":1,"minecraft:golden_chestplate":2,"regions_unexplored:pink_magnolia_sapling":17,"gobber2:gobber2_foo":11,"minecraft:orange_bed":12,"minecraft:quartz_block":5,"minecraft:stone_sword":1,"regions_unexplored:magnolia_pressure_plate":1,"minecraft:rotten_flesh":39,"minecraft:polished_basalt":1,"alexsmobs:emu_egg":3,"supplementaries:ash":26,"supplementaries:quiver":1,"minecraft:music_disc_wait":1,"minecraft:blaze_rod":1,"minecraft:iron_bars":11,"minecraft:cobblestone":880,"minecraft:birch_log":13,"minecraft:leather_chestplate":2,"minecraft:oxidized_copper":2,"minecraft:feather":8,"minecraft:cooked_beef":1,"minecraft:magma_cream":1,"minecraft:andesite":67,"minecraft:golden_leggings":1,"minecraft:flint":6,"minecraft:tuff":108,"gobber2:gobber2_gooey_bread_nether":5,"minecraft:dirt":360,"minecraft:polished_granite":3,"gobber2:gobber2_bow_nether":1,"minecraft:twisting_vines":1,"minecraft:leather_boots":3,"minecraft:bone":183,"minecraft:wheat_seeds":129,"minecraft:bow":6,"gobber2:gobber2_gooey_beef":3,"minecraft:warped_hyphae":2,"regions_unexplored:magnolia_planks":38,"minecraft:raw_gold":48,"minecraft:cobbled_deepslate_slab":4,"gobber2:gobber2_globette":72,"minecraft:mossy_stone_bricks":86,"regions_unexplored:yellow_bioshroom_stem":8,"minecraft:oak_planks":1,"minecraft:mossy_stone_brick_stairs":5,"gobber2:gobber2_gooey_bread":9,"gobber2:gobber2_rod_nether":9,"regions_unexplored:mycotoxic_mushrooms":2,"minecraft:music_disc_13":1,"regions_unexplored:salmonberry":2,"regions_unexplored:pine_sapling":16,"minecraft:warped_wart_block":10,"regions_unexplored:pine_planks":1,"minecraft:sand":1,"minecraft:nether_brick_stairs":1,"minecraft:grass_block":109,"regions_unexplored:pink_lupine":5,"minecraft:mossy_cobblestone":4,"neapolitan:strawberries":1,"regions_unexplored:hyssop":1,"minecraft:diamond":76,"regions_unexplored:clover":157,"minecraft:cracked_polished_blackstone_bricks":3,"minecraft:granite":4,"regions_unexplored:magnolia_trapdoor":6,"minecraft:chainmail_helmet":2,"minecraft:emerald":1,"alexsmobs:maggot":15,"minecraft:oak_sapling":12,"gobber2:gobber2_sword":2,"minecraft:netherrack":86,"minecraft:bricks":8,"gobber2:gobber2_goo":4,"iceandfire:raw_silver":4,"iceandfire:dragon_skull_lightning":2,"minecraft:crafting_table":6,"regions_unexplored:mycotoxic_grass":1,"iceandfire:witherbone":6,"minecraft:ladder":5,"minecraft:golden_pickaxe":1,"minecraft:leather_leggings":2,"minecraft:wooden_pickaxe":1,"regions_unexplored:mycotoxic_daisy":4,"minecraft:chain":1,"minecraft:shield":4,"minecraft:moss_carpet":1,"minecraft:iron_axe":1,"minecraft:item_frame":1,"minecraft:blackstone":91,"minecraft:cracked_stone_bricks":16,"improvableskills:scroll_normal":3,"oresabovediamonds:amethyst":8,"minecraft:iron_nugget":29,"regions_unexplored:redwood_planks":6,"minecraft:birch_sapling":3,"minecraft:egg":5,"minecraft:raw_iron":39,"iceandfire:dragonbone":1,"regions_unexplored:blue_lupine":7,"minecraft:polished_blackstone_bricks":5,"minecraft:redstone":63,"minecraft:arrow":33,"minecraft:stone_shovel":1,"minecraft:nether_bricks":38,"gobber2:gobber2_gooey_beef_nether":3,"regions_unexplored:purple_lupine":6,"minecraft:brick_stairs":14,"minecraft:mutton":4,"minecraft:white_wool":2,"mowziesmobs:umvuthana_mask_fury":1,"minecraft:air":84,"minecraft:basalt":4,"gobber2:gobber2_gooey_beefstew":2,"minecraft:leather":4,"minecraft:birch_planks":1,"minecraft:granite_stairs":5,"minecraft:ancient_debris":1,"minecraft:oak_log":20,"minecraft:chainmail_chestplate":1,"regions_unexplored:red_lupine":1,"minecraft:golden_boots":1,"minecraft:gunpowder":25,"regions_unexplored:tassel":1,"minecraft:white_banner":3,"regions_unexplored:aster":1,"minecraft:red_carpet":3,"minecraft:stone_bricks":11,"regions_unexplored:magnolia_slab":6,"minecraft:rabbit_hide":2,"minecraft:stone_pickaxe":1,"minecraft:cooked_chicken":1,"neapolitan:strawberry_scones":1,"gobber2:gobber2_gooey_beefstew_nether":5,"minecraft:glass_bottle":3,"minecraft:iron_sword":1,"mowziesmobs:umvuthana_mask_misery":1,"regions_unexplored:yellow_bioshroom":5,"minecraft:soul_sand":1,"gobber2:gobber2_hammer":1,"minecraft:book":6,"iceandfire:copper_nugget":16,"minecraft:smooth_basalt":17,"regions_unexplored:white_magnolia_sapling":29,"minecraft:chiseled_stone_bricks":3,"minecraft:red_wool":3,"minecraft:quartz":95,"minecraft:gravel":62,"minecraft:soul_torch":1,"minecraft:spider_eye":4,"minecraft:leather_helmet":2,"minecraft:music_disc_mall":2,"minecraft:slime_ball":1,"minecraft:chainmail_leggings":2,"minecraft:iron_helmet":6,"minecraft:mossy_cobblestone_stairs":3,"mowziesmobs:umvuthana_mask_fear":1,"gobber2:gobber2_goo_nether":3,"minecraft:coal":153,"minecraft:hopper":1,"minecraft:ender_pearl":1},"minecraft:custom":{"minecraft:interact_with_crafting_table":38,"minecraft:leave_game":8,"minecraft:time_since_death":59095,"minecraft:damage_resisted":95,"minecraft:sprint_one_cm":2283163,"minecraft:damage_blocked_by_shield":4174,"minecraft:drop":92,"minecraft:talked_to_villager":10,"minecraft:play_time":891067,"minecraft:deaths":30,"minecraft:jump":5916,"minecraft:interact_with_brewingstand":1,"minecraft:walk_on_water_one_cm":98890,"minecraft:interact_with_furnace":35,"minecraft:play_record":1,"minecraft:traded_with_villager":4,"minecraft:interact_with_cartography_table":1,"minecraft:sleep_in_bed":25,"minecraft:damage_dealt":20653,"minecraft:player_kills":2,"minecraft:crouch_one_cm":112313,"minecraft:interact_with_smoker":4,"minecraft:inspect_dispenser":2,"minecraft:horse_one_cm":68810,"minecraft:mob_kills":214,"minecraft:inspect_hopper":2,"minecraft:damage_dealt_resisted":579,"minecraft:climb_one_cm":70544,"minecraft:walk_one_cm":2707862,"minecraft:sneak_time":36591,"minecraft:walk_under_water_one_cm":55474,"minecraft:interact_with_lectern":5,"minecraft:total_world_time":891067,"minecraft:time_since_rest":17634,"minecraft:damage_taken":13379,"minecraft:trigger_trapped_chest":1,"minecraft:swim_one_cm":97995,"minecraft:fly_one_cm":713784,"minecraft:open_chest":683,"minecraft:fall_one_cm":210019},"minecraft:broken":{"iceandfire:silver_pickaxe":1,"minecraft:chainmail_boots":1,"minecraft:stone_pickaxe":2,"minecraft:stone_axe":2,"minecraft:leather_helmet":1,"minecraft:stone_sword":1,"minecraft:shield":1},"minecraft:killed":{"minecraft:cave_spider":5,"minecraft:spider":6,"minecraft:skeleton":54,"minecraft:silverfish":10,"minecraft:piglin_brute":1,"artifacts:mimic":1,"minecraft:magma_cube":17,"minecraft:piglin":4,"minecraft:pig":1,"minecraft:creeper":29,"minecraft:sheep":3,"minecraft:pillager":6,"minecraft:zombie":28,"minecraft:stray":23,"alexsmobs:fly":1,"alexsmobs:seagull":1,"mowziesmobs:umvuthana":5,"mowziesmobs:grottol":1,"minecraft:hoglin":2,"alexsmobs:cockroach":1,"iceandfire:ghost":1,"minecraft:wither_skeleton":8},"minecraft:crafted":{"minecraft:oak_planks":36,"neapolitan:adzuki_beans":2,"minecraft:cooked_mutton":4,"minecraft:quartz_block":36,"minecraft:diamond_helmet":1,"minecraft:diamond_leggings":1,"minecraft:chest":2,"minecraft:deepslate":2,"minecraft:cooked_porkchop":20,"minecraft:diamond_axe":1,"regions_unexplored:yellow_bioshroom_planks":8,"minecraft:crafting_table":2,"minecraft:wooden_pickaxe":1,"minecraft:baked_potato":14,"minecraft:birch_planks":4,"minecraft:diamond_pickaxe":1,"minecraft:shield":1,"minecraft:stick":576,"minecraft:iron_ingot":25,"minecraft:iron_pickaxe":1,"minecraft:stone_shovel":1,"minecraft:furnace":1,"minecraft:bone_meal":21,"minecraft:flint_and_steel":1,"regions_unexplored:magnolia_trapdoor":2,"minecraft:iron_axe":1,"regions_unexplored:magnolia_pressure_plate":1,"minecraft:ladder":135,"minecraft:stone_pickaxe":2,"minecraft:diamond_boots":1,"backpacked:backpack":1,"regions_unexplored:magnolia_planks":16,"iceandfire:silver_ingot":7,"minecraft:bucket":1,"minecraft:stone_axe":2,"minecraft:bread":6,"regions_unexplored:redwood_planks":308,"regions_unexplored:pine_planks":196,"minecraft:acacia_planks":16,"minecraft:torch":920,"iceandfire:silver_pickaxe":1,"neapolitan:magic_beans":2,"minecraft:diamond_chestplate":1},"minecraft:used":{"regions_unexplored:pine_planks":1,"regions_unexplored:pink_lupine":4,"neapolitan:strawberries":12,"minecraft:moss_carpet":1,"minecraft:ladder":8,"minecraft:black_carpet":12,"minecraft:chest":2,"gobber2:gobber2_gooey_bread":23,"minecraft:shield":73,"minecraft:iron_sword":1,"regions_unexplored:salmonberry":2,"minecraft:rotten_flesh":26,"regions_unexplored:red_lupine":1,"minecraft:nether_bricks":4,"minecraft:carrot":6,"minecraft:tuff":22,"minecraft:milk_bucket":2,"regions_unexplored:purple_lupine":4,"minecraft:bricks":18,"minecraft:red_wool":3,"minecraft:grass_block":109,"minecraft:birch_sapling":1,"gobber2:gobber2_bow_nether":174,"neapolitan:vanilla_fudge":5,"gobber2:gobber2_hammer":1842,"minecraft:stone_bricks":53,"minecraft:red_carpet":3,"minecraft:oak_sapling":4,"minecraft:furnace":1,"minecraft:egg":9,"minecraft:mossy_stone_bricks":1,"minecraft:stone_pickaxe":250,"minecraft:oak_planks":9,"minecraft:wooden_pickaxe":6,"minecraft:diamond_axe":84,"minecraft:white_wool":2,"regions_unexplored:redwood_planks":249,"minecraft:sand":1,"minecraft:crossbow":12,"iceandfire:silver_pickaxe":460,"regions_unexplored:redwood_log":3,"minecraft:music_disc_mall":1,"minecraft:bread":14,"minecraft:gravel":24,"minecraft:bone_meal":21,"regions_unexplored:magnolia_pressure_plate":1,"minecraft:iron_bars":4,"minecraft:stone_sword":5,"minecraft:flint_and_steel":1,"minecraft:stone_shovel":97,"minecraft:netherrack":19,"minecraft:orange_bed":10,"minecraft:torch":697,"minecraft:dirt":294,"minecraft:hopper":1,"minecraft:spruce_stairs":2,"regions_unexplored:clover":139,"minecraft:wooden_axe":1,"alexsmobs:maggot":15,"neapolitan:strawberry_scones":9,"minecraft:iron_axe":19,"minecraft:golden_carrot":22,"gobber2:gobber2_sword":301,"minecraft:cooked_beef":2,"minecraft:cobbled_deepslate":88,"regions_unexplored:blue_lupine":5,"minecraft:cooked_mutton":2,"minecraft:water_bucket":13,"minecraft:birch_planks":1,"minecraft:baked_potato":21,"iceandfire:dragon_skull_lightning":2,"minecraft:cracked_stone_bricks":2,"regions_unexplored:pink_magnolia_sapling":12,"minecraft:crafting_table":8,"regions_unexplored:magnolia_planks":19,"minecraft:oak_log":6,"minecraft:diamond_pickaxe":441,"regions_unexplored:white_magnolia_sapling":20,"regions_unexplored:magnolia_trapdoor":3,"regions_unexplored:yellow_bioshroom_planks":4,"minecraft:stone_axe":227,"minecraft:cobblestone":25,"minecraft:white_banner":2,"minecraft:cooked_porkchop":16,"minecraft:bucket":14,"alexsmobs:animal_dictionary":2},"minecraft:killed_by":{"minecraft:piglin_brute":5,"minecraft:creeper":3,"minecraft:cave_spider":1,"minecraft:blaze":4,"minecraft:zombie":6,"minecraft:player":3,"minecraft:stray":1,"minecraft:skeleton":2}},"DataVersion":3465}