{"stats":{"minecraft:used":{"regions_unexplored:pine_planks":1,"neapolitan:strawberries":12,"regions_unexplored:magnolia_pressure_plate":1,"minecraft:moss_carpet":1,"minecraft:iron_bars":4,"minecraft:stone_sword":5,"minecraft:flint_and_steel":1,"minecraft:stone_shovel":97,"minecraft:ladder":5,"minecraft:black_carpet":12,"gobber2:gobber2_gooey_bread":8,"minecraft:shield":20,"regions_unexplored:salmonberry":2,"minecraft:rotten_flesh":19,"minecraft:netherrack":19,"minecraft:orange_bed":10,"minecraft:torch":125,"minecraft:dirt":15,"minecraft:spruce_stairs":2,"minecraft:nether_bricks":1,"minecraft:carrot":6,"regions_unexplored:clover":11,"minecraft:tuff":22,"minecraft:milk_bucket":2,"neapolitan:strawberry_scones":9,"minecraft:red_wool":2,"minecraft:iron_axe":19,"gobber2:gobber2_bow_nether":1,"neapolitan:vanilla_fudge":5,"gobber2:gobber2_hammer":1841,"minecraft:stone_bricks":1,"minecraft:red_carpet":3,"gobber2:gobber2_sword":92,"minecraft:furnace":1,"minecraft:cobbled_deepslate":84,"minecraft:cooked_mutton":2,"minecraft:water_bucket":11,"minecraft:baked_potato":16,"minecraft:birch_planks":1,"minecraft:oak_planks":1,"minecraft:stone_pickaxe":250,"minecraft:wooden_pickaxe":6,"minecraft:white_wool":2,"minecraft:sand":1,"regions_unexplored:redwood_planks":249,"minecraft:crossbow":12,"minecraft:crafting_table":7,"regions_unexplored:magnolia_planks":1,"iceandfire:silver_pickaxe":460,"regions_unexplored:redwood_log":3,"minecraft:diamond_pickaxe":315,"minecraft:music_disc_mall":1,"minecraft:bread":10,"minecraft:gravel":24,"regions_unexplored:magnolia_trapdoor":3,"minecraft:stone_axe":227,"minecraft:cobblestone":24,"minecraft:white_banner":2,"alexsmobs:animal_dictionary":2,"minecraft:bucket":12},"minecraft:killed_by":{"minecraft:player":2,"minecraft:piglin_brute":5,"minecraft:creeper":2,"minecraft:blaze":4,"minecraft:zombie":3},"minecraft:crafted":{"minecraft:oak_planks":4,"minecraft:stone_shovel":1,"neapolitan:adzuki_beans":2,"minecraft:furnace":1,"minecraft:cooked_mutton":4,"minecraft:flint_and_steel":1,"minecraft:quartz_block":36,"regions_unexplored:magnolia_trapdoor":2,"minecraft:iron_axe":1,"regions_unexplored:magnolia_pressure_plate":1,"minecraft:ladder":132,"minecraft:stone_pickaxe":2,"regions_unexplored:magnolia_planks":12,"iceandfire:silver_ingot":7,"minecraft:cooked_porkchop":3,"minecraft:crafting_table":1,"minecraft:baked_potato":14,"minecraft:wooden_pickaxe":1,"minecraft:bucket":1,"minecraft:birch_planks":4,"minecraft:stone_axe":2,"minecraft:bread":6,"regions_unexplored:redwood_planks":244,"regions_unexplored:pine_planks":196,"minecraft:diamond_pickaxe":1,"minecraft:stick":416,"minecraft:iron_ingot":25,"minecraft:iron_pickaxe":1,"minecraft:acacia_planks":16,"minecraft:torch":84,"iceandfire:silver_pickaxe":1,"neapolitan:magic_beans":2},"minecraft:dropped":{"minecraft:bread":2,"minecraft:iron_helmet":1,"minecraft:cobblestone":4,"minecraft:warped_hyphae":2,"minecraft:cracked_polished_blackstone_bricks":3,"neapolitan:strawberries":1,"minecraft:polished_blackstone_bricks":5,"minecraft:iron_pickaxe":1,"minecraft:orange_bed":2,"minecraft:blackstone":91,"minecraft:soul_torch":1,"minecraft:cooked_chicken":1,"minecraft:cobbled_deepslate":735,"minecraft:tuff":20,"minecraft:stone_shovel":1,"artifacts:villager_hat":1,"minecraft:nether_bricks":34,"iceandfire:ghost_chest":2,"mowziesmobs:umvuthana_mask_misery":1,"minecraft:ladder":132,"minecraft:stone_pickaxe":1,"minecraft:warped_wart_block":10,"neapolitan:vanilla_fudge":6,"minecraft:netherrack":5,"mowziesmobs:umvuthana_mask_fury":1},"minecraft:killed":{"minecraft:spider":1,"alexsmobs:seagull":1,"minecraft:skeleton":4,"minecraft:piglin_brute":1,"mowziesmobs:umvuthana":5,"minecraft:magma_cube":17,"mowziesmobs:grottol":1,"minecraft:piglin":4,"minecraft:pig":1,"minecraft:hoglin":2,"minecraft:sheep":3,"minecraft:pillager":4,"minecraft:zombie":5,"iceandfire:ghost":1,"minecraft:wither_skeleton":2},"minecraft:picked_up":{"minecraft:crafting_table":6,"minecraft:black_carpet":12,"regions_unexplored:mycotoxic_grass":1,"minecraft:ladder":5,"regions_unexplored:magnolia_log":12,"artifacts:bunny_hoppers":1,"minecraft:wooden_pickaxe":1,"regions_unexplored:mycotoxic_daisy":4,"minecraft:chain":1,"minecraft:golden_sword":1,"minecraft:shield":1,"minecraft:amethyst_block":24,"minecraft:string":5,"minecraft:moss_carpet":1,"minecraft:raw_copper":19,"minecraft:item_frame":1,"gobber2:gobber2_glass_nether":7,"minecraft:blackstone":91,"regions_unexplored:pine_log":75,"minecraft:gold_nugget":18,"minecraft:cobbled_deepslate":1253,"oresabovediamonds:amethyst":8,"minecraft:calcite":30,"minecraft:iron_nugget":29,"regions_unexplored:redwood_planks":6,"minecraft:birch_sapling":1,"minecraft:smooth_quartz_stairs":1,"regions_unexplored:redwood_log":96,"minecraft:golden_helmet":1,"minecraft:raw_iron":35,"minecraft:stick":23,"iceandfire:ghost_chest":2,"minecraft:torch":15,"minecraft:acacia_log":4,"minecraft:spruce_stairs":2,"regions_unexplored:blue_lupine":7,"minecraft:porkchop":5,"minecraft:polished_blackstone_bricks":5,"minecraft:diorite":3,"oresabovediamonds:black_opal":1,"minecraft:redstone":63,"regions_unexplored:pink_magnolia_sapling":4,"gobber2:gobber2_foo":10,"minecraft:orange_bed":12,"minecraft:stone_sword":1,"minecraft:arrow":12,"minecraft:stone_shovel":1,"minecraft:rotten_flesh":13,"gobber2:gobber2_gooey_beef_nether":3,"minecraft:nether_bricks":35,"minecraft:polished_basalt":1,"alexsmobs:emu_egg":3,"supplementaries:ash":24,"regions_unexplored:purple_lupine":5,"minecraft:blaze_rod":1,"minecraft:mutton":4,"minecraft:white_wool":2,"minecraft:cobblestone":793,"minecraft:birch_log":8,"mowziesmobs:umvuthana_mask_fury":1,"minecraft:leather_chestplate":1,"minecraft:basalt":4,"minecraft:feather":8,"minecraft:oxidized_copper":2,"minecraft:magma_cream":1,"minecraft:andesite":67,"minecraft:leather":4,"gobber2:gobber2_gooey_beefstew":2,"minecraft:birch_planks":1,"minecraft:flint":6,"minecraft:tuff":108,"minecraft:oak_log":8,"minecraft:ancient_debris":1,"gobber2:gobber2_gooey_bread_nether":5,"regions_unexplored:tassel":1,"minecraft:dirt":74,"minecraft:white_banner":2,"gobber2:gobber2_bow_nether":1,"minecraft:twisting_vines":1,"minecraft:leather_boots":1,"regions_unexplored:aster":1,"minecraft:red_carpet":3,"minecraft:bone":11,"minecraft:stone_bricks":1,"minecraft:wheat_seeds":7,"minecraft:warped_hyphae":2,"gobber2:gobber2_gooey_beef":2,"regions_unexplored:magnolia_planks":1,"minecraft:raw_gold":48,"minecraft:stone_pickaxe":1,"minecraft:cooked_chicken":1,"gobber2:gobber2_globette":72,"neapolitan:strawberry_scones":1,"gobber2:gobber2_gooey_beefstew_nether":5,"regions_unexplored:yellow_bioshroom_stem":8,"minecraft:oak_planks":1,"mowziesmobs:umvuthana_mask_misery":1,"regions_unexplored:yellow_bioshroom":5,"gobber2:gobber2_gooey_bread":8,"gobber2:gobber2_hammer":1,"gobber2:gobber2_rod_nether":9,"regions_unexplored:mycotoxic_mushrooms":2,"minecraft:warped_wart_block":10,"regions_unexplored:pine_sapling":16,"regions_unexplored:salmonberry":2,"minecraft:red_wool":2,"minecraft:quartz":95,"regions_unexplored:pine_planks":1,"minecraft:gravel":62,"minecraft:sand":1,"minecraft:soul_torch":1,"minecraft:spider_eye":1,"regions_unexplored:pink_lupine":4,"neapolitan:strawberries":1,"regions_unexplored:hyssop":1,"minecraft:diamond":76,"minecraft:iron_helmet":2,"minecraft:chainmail_leggings":1,"minecraft:cracked_polished_blackstone_bricks":3,"regions_unexplored:clover":101,"regions_unexplored:magnolia_trapdoor":1,"minecraft:emerald":1,"mowziesmobs:umvuthana_mask_fear":1,"minecraft:oak_sapling":4,"minecraft:netherrack":86,"gobber2:gobber2_sword":1,"gobber2:gobber2_goo":4,"minecraft:coal":42,"gobber2:gobber2_goo_nether":3,"iceandfire:raw_silver":4},"minecraft:broken":{"minecraft:leather_helmet":1,"minecraft:stone_sword":1,"iceandfire:silver_pickaxe":1,"minecraft:chainmail_boots":1,"minecraft:stone_pickaxe":2,"minecraft:stone_axe":2},"minecraft:mined":{"minecraft:nether_gold_ore":5,"minecraft:tuff":130,"regions_unexplored:blue_lupine":2,"minecraft:deepslate_diamond_ore":14,"regions_unexplored:pink_lupine":1,"regions_unexplored:magnolia_log":12,"minecraft:glow_lichen":1,"minecraft:ladder":1,"minecraft:acacia_log":3,"minecraft:grass_block":9,"gobber2:gobber2_ore_deepslate":13,"regions_unexplored:aster":1,"regions_unexplored:pine_planks":1,"minecraft:polished_blackstone_bricks":2,"regions_unexplored:magnolia_trapdoor":1,"minecraft:iron_ore":7,"minecraft:fire":50,"minecraft:cobbled_deepslate":6,"regions_unexplored:purple_lupine":3,"minecraft:andesite":65,"regions_unexplored:redwood_planks":4,"minecraft:black_carpet":3,"minecraft:deepslate_lapis_ore":1,"minecraft:deepslate_iron_ore":17,"minecraft:iron_bars":1,"regions_unexplored:medium_grass":4,"minecraft:stone":622,"regions_unexplored:redwood_log":3,"minecraft:orange_bed":10,"minecraft:deepslate_redstone_ore":8,"minecraft:acacia_leaves":1,"minecraft:red_wool":2,"minecraft:blackstone":3,"minecraft:twisting_vines_plant":1,"regions_unexplored:mycotoxic_moss":1,"minecraft:crafting_table":6,"minecraft:torch":5,"regions_unexplored:mycotoxic_daisy":3,"minecraft:calcite":7,"minecraft:oxidized_copper":1,"iceandfire:ghost_chest":1,"gobber2:gobber2_lucky_block_nether":31,"minecraft:nether_quartz_ore":96,"minecraft:tall_grass":10,"minecraft:cobblestone":10,"minecraft:deepslate_gold_ore":8,"minecraft:oak_planks":1,"minecraft:wall_torch":4,"minecraft:diorite":3,"minecraft:amethyst_block":1,"regions_unexplored:pine_log":77,"supplementaries:urn":3,"minecraft:spruce_stairs":1,"minecraft:birch_planks":1,"oresabovediamonds:deepslate_amethyst_ore":2,"regions_unexplored:hyssop":4,"minecraft:birch_log":8,"gobber2:gobber2_lucky_block_deepslate":3,"minecraft:grass":19,"minecraft:coal_ore":40,"minecraft:oak_log":8,"minecraft:gravel":69,"minecraft:dirt":59,"minecraft:sand":1,"regions_unexplored:clover":10,"minecraft:smooth_basalt":4,"regions_unexplored:tassel":1,"minecraft:ancient_debris":1,"minecraft:stone_bricks":1,"minecraft:netherrack":37,"minecraft:deepslate":1662,"regions_unexplored:magnolia_planks":1,"regions_unexplored:mycotoxic_grass":1},"minecraft:custom":{"minecraft:mob_kills":52,"minecraft:interact_with_crafting_table":30,"minecraft:damage_dealt_resisted":579,"minecraft:leave_game":6,"minecraft:time_since_death":61558,"minecraft:climb_one_cm":41433,"minecraft:damage_resisted":50,"minecraft:sprint_one_cm":711956,"minecraft:walk_one_cm":1533153,"minecraft:damage_blocked_by_shield":880,"minecraft:drop":51,"minecraft:talked_to_villager":9,"minecraft:play_time":392207,"minecraft:sneak_time":14383,"minecraft:deaths":19,"minecraft:walk_under_water_one_cm":49987,"minecraft:interact_with_lectern":5,"minecraft:jump":4081,"minecraft:walk_on_water_one_cm":77292,"minecraft:total_world_time":392207,"minecraft:interact_with_furnace":29,"minecraft:play_record":1,"minecraft:traded_with_villager":4,"minecraft:interact_with_cartography_table":1,"minecraft:sleep_in_bed":18,"minecraft:time_since_rest":3502,"minecraft:damage_taken":7412,"minecraft:trigger_trapped_chest":1,"minecraft:damage_dealt":8280,"minecraft:player_kills":1,"minecraft:swim_one_cm":62786,"minecraft:fly_one_cm":406070,"minecraft:open_chest":279,"minecraft:crouch_one_cm":37419,"minecraft:inspect_dispenser":2,"minecraft:fall_one_cm":119471,"minecraft:interact_with_smoker":4,"minecraft:horse_one_cm":68810}},"DataVersion":3465}