{"stats":{"minecraft:used":{"regions_unexplored:pink_lupine":1,"regions_unexplored:pine_planks":1,"neapolitan:strawberries":12,"minecraft:moss_carpet":1,"minecraft:ladder":8,"minecraft:black_carpet":12,"gobber2:gobber2_gooey_bread":16,"minecraft:shield":28,"regions_unexplored:salmonberry":2,"minecraft:rotten_flesh":22,"regions_unexplored:red_lupine":1,"minecraft:nether_bricks":1,"minecraft:carrot":6,"minecraft:tuff":22,"minecraft:milk_bucket":2,"regions_unexplored:purple_lupine":1,"minecraft:red_wool":3,"gobber2:gobber2_bow_nether":23,"neapolitan:vanilla_fudge":5,"gobber2:gobber2_hammer":1842,"minecraft:stone_bricks":32,"minecraft:red_carpet":3,"minecraft:furnace":1,"minecraft:mossy_stone_bricks":1,"minecraft:stone_pickaxe":250,"minecraft:oak_planks":1,"minecraft:wooden_pickaxe":6,"minecraft:white_wool":2,"minecraft:sand":1,"regions_unexplored:redwood_planks":249,"minecraft:crossbow":12,"iceandfire:silver_pickaxe":460,"regions_unexplored:redwood_log":3,"minecraft:music_disc_mall":1,"minecraft:bread":10,"minecraft:gravel":24,"regions_unexplored:magnolia_pressure_plate":1,"minecraft:iron_bars":4,"minecraft:stone_sword":5,"minecraft:flint_and_steel":1,"minecraft:stone_shovel":97,"minecraft:netherrack":19,"minecraft:orange_bed":10,"minecraft:torch":176,"minecraft:dirt":41,"minecraft:spruce_stairs":2,"regions_unexplored:clover":46,"neapolitan:strawberry_scones":9,"minecraft:iron_axe":19,"gobber2:gobber2_sword":140,"minecraft:cobbled_deepslate":84,"minecraft:cooked_mutton":2,"minecraft:water_bucket":12,"minecraft:birch_planks":1,"minecraft:baked_potato":16,"minecraft:crafting_table":7,"regions_unexplored:magnolia_planks":1,"minecraft:diamond_pickaxe":405,"regions_unexplored:magnolia_trapdoor":3,"minecraft:stone_axe":227,"minecraft:cobblestone":25,"minecraft:white_banner":2,"minecraft:cooked_porkchop":8,"minecraft:bucket":13,"alexsmobs:animal_dictionary":2},"minecraft:killed_by":{"minecraft:piglin_brute":5,"minecraft:creeper":3,"minecraft:cave_spider":1,"minecraft:blaze":4,"minecraft:zombie":6,"minecraft:player":3},"minecraft:dropped":{"minecraft:glass_bottle":3,"minecraft:warped_hyphae":2,"minecraft:mossy_stone_brick_stairs":1,"minecraft:cracked_polished_blackstone_bricks":3,"neapolitan:strawberries":1,"minecraft:polished_blackstone_bricks":5,"minecraft:iron_pickaxe":1,"minecraft:blackstone":91,"minecraft:cooked_chicken":1,"minecraft:cobbled_deepslate":735,"artifacts:villager_hat":1,"iceandfire:ghost_chest":2,"minecraft:ladder":132,"minecraft:warped_wart_block":10,"neapolitan:vanilla_fudge":6,"minecraft:netherrack":5,"mowziesmobs:umvuthana_mask_fury":1,"minecraft:bread":2,"minecraft:iron_helmet":1,"minecraft:cobblestone":4,"minecraft:granite":4,"minecraft:torch":6,"minecraft:mossy_cobblestone_stairs":1,"minecraft:orange_bed":2,"artifacts:bunny_hoppers":1,"minecraft:smooth_basalt":17,"minecraft:soul_torch":1,"minecraft:tuff":20,"minecraft:stone_shovel":1,"minecraft:nether_bricks":34,"mowziesmobs:umvuthana_mask_misery":1,"minecraft:stone_pickaxe":1},"minecraft:crafted":{"minecraft:oak_planks":4,"neapolitan:adzuki_beans":2,"minecraft:cooked_mutton":4,"minecraft:quartz_block":36,"minecraft:diamond_helmet":1,"minecraft:diamond_leggings":1,"minecraft:cooked_porkchop":20,"minecraft:crafting_table":1,"minecraft:wooden_pickaxe":1,"minecraft:baked_potato":14,"minecraft:birch_planks":4,"minecraft:diamond_pickaxe":1,"minecraft:stick":416,"minecraft:iron_pickaxe":1,"minecraft:iron_ingot":25,"minecraft:stone_shovel":1,"minecraft:furnace":1,"minecraft:flint_and_steel":1,"regions_unexplored:magnolia_trapdoor":2,"minecraft:iron_axe":1,"minecraft:ladder":135,"regions_unexplored:magnolia_pressure_plate":1,"minecraft:stone_pickaxe":2,"minecraft:diamond_boots":1,"regions_unexplored:magnolia_planks":12,"iceandfire:silver_ingot":7,"minecraft:bucket":1,"minecraft:stone_axe":2,"minecraft:bread":6,"regions_unexplored:redwood_planks":244,"regions_unexplored:pine_planks":196,"minecraft:acacia_planks":16,"minecraft:torch":152,"iceandfire:silver_pickaxe":1,"minecraft:diamond_chestplate":1,"neapolitan:magic_beans":2},"minecraft:killed":{"minecraft:cave_spider":2,"minecraft:spider":2,"minecraft:skeleton":9,"minecraft:silverfish":4,"minecraft:piglin_brute":1,"minecraft:magma_cube":17,"minecraft:piglin":4,"minecraft:pig":1,"minecraft:sheep":3,"minecraft:pillager":4,"minecraft:zombie":10,"alexsmobs:seagull":1,"mowziesmobs:umvuthana":5,"mowziesmobs:grottol":1,"minecraft:hoglin":2,"iceandfire:ghost":1,"minecraft:wither_skeleton":2},"minecraft:picked_up":{"minecraft:black_carpet":12,"minecraft:chainmail_boots":1,"regions_unexplored:magnolia_log":12,"artifacts:bunny_hoppers":2,"minecraft:stone_brick_stairs":1,"minecraft:golden_sword":1,"minecraft:amethyst_block":36,"minecraft:string":17,"minecraft:raw_copper":19,"gobber2:gobber2_glass_nether":7,"minecraft:gold_nugget":18,"regions_unexplored:pine_log":75,"minecraft:cobbled_deepslate":1253,"bosses_of_mass_destruction:soul_star":1,"minecraft:calcite":44,"minecraft:smooth_quartz_stairs":1,"minecraft:iron_boots":1,"regions_unexplored:redwood_log":96,"minecraft:golden_helmet":1,"minecraft:stick":23,"iceandfire:ghost_chest":2,"minecraft:torch":77,"minecraft:acacia_log":4,"minecraft:spruce_stairs":2,"minecraft:porkchop":5,"minecraft:diorite":3,"oresabovediamonds:black_opal":1,"regions_unexplored:pink_magnolia_sapling":4,"gobber2:gobber2_foo":10,"minecraft:orange_bed":12,"minecraft:stone_sword":1,"minecraft:rotten_flesh":20,"minecraft:polished_basalt":1,"alexsmobs:emu_egg":3,"supplementaries:quiver":1,"supplementaries:ash":24,"minecraft:blaze_rod":1,"minecraft:iron_bars":1,"minecraft:cobblestone":820,"minecraft:birch_log":8,"minecraft:leather_chestplate":2,"minecraft:feather":8,"minecraft:oxidized_copper":2,"minecraft:magma_cream":1,"minecraft:andesite":67,"minecraft:flint":6,"minecraft:tuff":108,"gobber2:gobber2_gooey_bread_nether":5,"minecraft:dirt":100,"gobber2:gobber2_bow_nether":1,"minecraft:leather_boots":1,"minecraft:twisting_vines":1,"minecraft:bone":20,"regions_unexplored:magnolia_planks":1,"minecraft:warped_hyphae":2,"gobber2:gobber2_gooey_beef":2,"minecraft:wheat_seeds":8,"minecraft:raw_gold":48,"gobber2:gobber2_globette":72,"minecraft:mossy_stone_bricks":38,"regions_unexplored:yellow_bioshroom_stem":8,"minecraft:oak_planks":1,"minecraft:mossy_stone_brick_stairs":3,"gobber2:gobber2_gooey_bread":8,"regions_unexplored:mycotoxic_mushrooms":2,"gobber2:gobber2_rod_nether":9,"regions_unexplored:salmonberry":2,"regions_unexplored:pine_sapling":16,"minecraft:warped_wart_block":10,"regions_unexplored:pine_planks":1,"minecraft:sand":1,"regions_unexplored:pink_lupine":5,"neapolitan:strawberries":1,"regions_unexplored:hyssop":1,"minecraft:diamond":76,"regions_unexplored:clover":136,"minecraft:cracked_polished_blackstone_bricks":3,"minecraft:granite":4,"regions_unexplored:magnolia_trapdoor":1,"minecraft:emerald":1,"minecraft:oak_sapling":4,"gobber2:gobber2_sword":1,"minecraft:netherrack":86,"iceandfire:raw_silver":4,"gobber2:gobber2_goo":4,"minecraft:crafting_table":6,"regions_unexplored:mycotoxic_grass":1,"iceandfire:witherbone":1,"minecraft:ladder":5,"minecraft:wooden_pickaxe":1,"regions_unexplored:mycotoxic_daisy":4,"minecraft:chain":1,"minecraft:shield":1,"minecraft:moss_carpet":1,"minecraft:item_frame":1,"minecraft:blackstone":91,"minecraft:cracked_stone_bricks":3,"oresabovediamonds:amethyst":8,"minecraft:iron_nugget":29,"regions_unexplored:redwood_planks":6,"minecraft:birch_sapling":1,"minecraft:raw_iron":35,"regions_unexplored:blue_lupine":7,"minecraft:polished_blackstone_bricks":5,"minecraft:redstone":63,"minecraft:arrow":16,"minecraft:stone_shovel":1,"minecraft:nether_bricks":35,"gobber2:gobber2_gooey_beef_nether":3,"regions_unexplored:purple_lupine":6,"minecraft:mutton":4,"minecraft:white_wool":2,"mowziesmobs:umvuthana_mask_fury":1,"minecraft:air":3,"minecraft:basalt":4,"gobber2:gobber2_gooey_beefstew":2,"minecraft:leather":4,"minecraft:birch_planks":1,"minecraft:chainmail_chestplate":1,"minecraft:oak_log":8,"regions_unexplored:red_lupine":1,"minecraft:ancient_debris":1,"regions_unexplored:tassel":1,"minecraft:white_banner":2,"regions_unexplored:aster":1,"minecraft:red_carpet":3,"minecraft:stone_bricks":6,"minecraft:stone_pickaxe":1,"minecraft:cooked_chicken":1,"gobber2:gobber2_gooey_beefstew_nether":5,"neapolitan:strawberry_scones":1,"minecraft:glass_bottle":3,"minecraft:iron_sword":1,"regions_unexplored:yellow_bioshroom":5,"mowziesmobs:umvuthana_mask_misery":1,"gobber2:gobber2_hammer":1,"minecraft:smooth_basalt":17,"minecraft:red_wool":3,"minecraft:quartz":95,"minecraft:gravel":62,"minecraft:soul_torch":1,"minecraft:spider_eye":2,"minecraft:slime_ball":1,"minecraft:chainmail_leggings":2,"minecraft:iron_helmet":3,"minecraft:mossy_cobblestone_stairs":1,"mowziesmobs:umvuthana_mask_fear":1,"gobber2:gobber2_goo_nether":3,"minecraft:coal":129,"minecraft:ender_pearl":1},"minecraft:broken":{"iceandfire:silver_pickaxe":1,"minecraft:chainmail_boots":1,"minecraft:stone_pickaxe":2,"minecraft:stone_axe":2,"minecraft:leather_helmet":1,"minecraft:stone_sword":1},"minecraft:mined":{"regions_unexplored:blue_lupine":2,"regions_unexplored:magnolia_log":12,"minecraft:acacia_log":3,"minecraft:grass_block":9,"gobber2:gobber2_ore_deepslate":13,"minecraft:polished_blackstone_bricks":2,"regions_unexplored:magnolia_trapdoor":1,"minecraft:iron_ore":7,"minecraft:cobbled_deepslate":6,"minecraft:fire":50,"regions_unexplored:purple_lupine":3,"regions_unexplored:redwood_planks":4,"minecraft:black_carpet":3,"minecraft:deepslate_lapis_ore":1,"minecraft:iron_bars":1,"minecraft:orange_bed":10,"minecraft:deepslate_redstone_ore":8,"minecraft:blackstone":3,"minecraft:twisting_vines_plant":1,"minecraft:torch":10,"regions_unexplored:mycotoxic_daisy":3,"minecraft:calcite":7,"minecraft:oxidized_copper":1,"gobber2:gobber2_lucky_block_nether":31,"iceandfire:ghost_chest":1,"minecraft:nether_quartz_ore":96,"minecraft:cobblestone":10,"minecraft:oak_planks":1,"minecraft:wall_torch":5,"minecraft:amethyst_block":4,"regions_unexplored:pine_log":77,"regions_unexplored:hyssop":4,"oresabovediamonds:deepslate_amethyst_ore":2,"minecraft:birch_log":8,"minecraft:grass":20,"minecraft:oak_log":8,"minecraft:sand":1,"minecraft:dirt":59,"regions_unexplored:clover":10,"minecraft:smooth_basalt":4,"minecraft:netherrack":37,"minecraft:ancient_debris":1,"regions_unexplored:mycotoxic_grass":1,"minecraft:deepslate":1662,"minecraft:nether_gold_ore":5,"minecraft:tuff":130,"minecraft:mossy_cobblestone":1,"minecraft:deepslate_diamond_ore":14,"regions_unexplored:pink_lupine":1,"minecraft:glow_lichen":1,"minecraft:ladder":1,"regions_unexplored:aster":1,"regions_unexplored:pine_planks":1,"minecraft:andesite":65,"minecraft:vine":12,"minecraft:deepslate_iron_ore":17,"regions_unexplored:medium_grass":6,"minecraft:stone":623,"regions_unexplored:redwood_log":3,"minecraft:acacia_leaves":1,"minecraft:red_wool":4,"regions_unexplored:mycotoxic_moss":1,"minecraft:crafting_table":6,"minecraft:tall_grass":10,"minecraft:deepslate_gold_ore":8,"minecraft:diorite":3,"supplementaries:urn":3,"minecraft:spruce_stairs":1,"minecraft:birch_planks":1,"regions_unexplored:redwood_leaves":1,"gobber2:gobber2_lucky_block_deepslate":3,"minecraft:coal_ore":118,"minecraft:gravel":69,"minecraft:stone_bricks":4,"minecraft:mossy_stone_bricks":2,"regions_unexplored:magnolia_planks":1,"regions_unexplored:tassel":1},"minecraft:custom":{"minecraft:interact_with_crafting_table":32,"minecraft:leave_game":6,"minecraft:time_since_death":9974,"minecraft:damage_resisted":50,"minecraft:sprint_one_cm":853049,"minecraft:damage_blocked_by_shield":1540,"minecraft:drop":63,"minecraft:talked_to_villager":9,"minecraft:play_time":476207,"minecraft:deaths":25,"minecraft:jump":4551,"minecraft:walk_on_water_one_cm":80606,"minecraft:interact_with_furnace":32,"minecraft:play_record":1,"minecraft:traded_with_villager":4,"minecraft:interact_with_cartography_table":1,"minecraft:sleep_in_bed":20,"minecraft:damage_dealt":11151,"minecraft:player_kills":2,"minecraft:crouch_one_cm":54396,"minecraft:interact_with_smoker":4,"minecraft:inspect_dispenser":2,"minecraft:horse_one_cm":68810,"minecraft:mob_kills":72,"minecraft:damage_dealt_resisted":579,"minecraft:climb_one_cm":58890,"minecraft:walk_one_cm":1774259,"minecraft:sneak_time":20348,"minecraft:walk_under_water_one_cm":50485,"minecraft:interact_with_lectern":5,"minecraft:total_world_time":476207,"minecraft:time_since_rest":10806,"minecraft:damage_taken":9787,"minecraft:trigger_trapped_chest":1,"minecraft:swim_one_cm":62786,"minecraft:fly_one_cm":448305,"minecraft:open_chest":371,"minecraft:fall_one_cm":142637}},"DataVersion":3465}